customer_id,customer_name,region_code,region_name,user_id,user_code,segment_letter
1,"НПК ""Русское Поле""",34,Волгоградская область,1,"Сергеев, Владимир",B
2,Европа-Биофарм,34,Волгоградская область,2,"Фёдоров, Игорь",A
3,Агротехснаб,64,Саратовская область,3,"Мышкин, Станислав",B
4,Агрохолдинг Заречное,73,Ульяновская область,4,"Гурьев, Архип",A
5,ООО «Шатовка»,52,Нижегородская область,5,"Кошелев, Яков",A
6,СПК «Лискинский»,36,Воронежская область,6,"Федотов, Эльдар",C
7,АРЕФИНО ЗАО,52,Нижегородская область,7,"Калинин, Клемент",C
8,ВЛАСТЬ СОВЕТОВ» КОЛХОЗ,52,Нижегородская область,8,"Федосеев, Владимир",B
9,Вертячинский,34,Волгоградская область,9,"Молчанов, Мирон",A
10,ООО «АРГО»,34,Волгоградская область,10,"Калашников, Ярослав",C
11,«НПФ «Гавриш»,34,Волгоградская область,11,"Николаев, Гаянэ",C
12,Агроремторг,71,Тульская область,12,"Владимиров, Зиновий",C
13,ВЕРНЫЙ ПУТЬ СЕЛЬСКОХОЗЯЙСТВЕННЫЙ ПРОИЗВОДСТВЕННЫЙ КООПЕРАТИВ,52,Нижегородская область,13,"Гришин, Корнелий",A
14,Сады Придонья,34,Волгоградская область,14,"Кириллов, Бронислав",C
15,ВЕРЯКУШСКИЙ» СЕЛЬСКОХОЗЯЙСТВЕННЫЙ ПРОИЗВОДСТВЕННЫЙ КООПЕРАТИВ,52,Нижегородская область,15,"Фролов, Самуил",A
16,"ДАВЫДОВСКОЕ, ООО",33,Владимирская область,16,"Герасимов, Рубен",B
17,Агрорезерв-СВ,56,Оренбургская область,17,"Павлов, Леонтий",B
18,ВАЛКОВСКИЙ СЕЛЬСКОХОЗЯЙСТВЕННЫЙ ПРОИЗВОДСТВЕННЫЙ КООПЕРАТИВ,52,Нижегородская область,18,"Игорьентьев, Тимур",A
19,"ООО ""Сибирские семена""",55,Омская область,19,"Данилов, Ибрагил",B
20,АТЕМАСОВО ООО,52,Нижегородская область,20,"Кудряшов, Игорь",A
21,СПК «Березники»,52,Нижегородская область,21,"Исаков, Геннадий",A
22,"ОКТЯБРЬСКИЙ, СПК",36,Воронежская область,22,"Кононов, Адриан",B
23,"НПООО ""Подсолнечник""",34,Волгоградская область,23,"Андреев, Ибрагил",B
24,Колхоз Заря,68,Тамбовская область,24,"Исаев, Иван",A
25,"ООО ""Нововаршавская семеноводческая станция",55,Омская область,25,Кондратьев Роберт,C
26,ВАЧСКАЯ МАШИННО-ТРАКТОРНАЯ СТАНЦИЯ (ООО),52,Нижегородская область,26,"Беляев, Велорий",A
27,Интерпарк-Агро,64,Саратовская область,27,"Михеев, Валентин",B
28,"ВЛАДИМИРСКИЕ ОВОЩИ, ООО",33,Владимирская область,28,"Рогов, Артем",A
29,ВОСКРЕСЕНСКОЕ АГРАРНОЕ ПРЕДПРИЯТИЕ (ООО),52,Нижегородская область,29,"Игнатов, Лука",B
30,ЛПХ Заканальная,34,Волгоградская область,30,"Казаков, Адриан",A
31,Фермер Орловская область,57,Орловская область,31,"Князев, Исак",B
32,АГРОПРОМЫШЛЕННОЕ ПРЕДПРИЯТИЕ ИМЕНИ КИРОВА (ОАО),52,Нижегородская область,32,"Королёв, Лука",B
33,Промагроснаб,64,Саратовская область,33,"Рожков, Алан",B
34,"Агротехнический центр ""Агрегат""",71,Тульская область,1,"Сергеев, Владимир",A
35,Агродон-холдинг,62,Рязанская область,2,"Фёдоров, Игорь",C
36,ВЕЛИКОВСКИЙ СЕЛЬСКОХОЗЯЙСТВЕННЫЙ ПРОИЗВОДСТВЕННЫЙ КООПЕРАТИВ,52,Нижегородская область,3,"Мышкин, Станислав",A
37,МК АВИДА,31,Белгородская область,4,"Гурьев, Архип",B
38,АЗРАПИНСКИЙ СЕЛЬСКОХОЗЯЙСТВЕННЫЙ ПРОИЗВОДСТВЕННЫЙ КООПЕРАТИВ,52,Нижегородская область,5,"Кошелев, Яков",C
39,ВОЗРОЖДЕНИЕ ОАО,52,Нижегородская область,6,"Федотов, Эльдар",A
40,1 Мая СЕЛЬСКОХОЗЯЙСТВЕННЫЙ ПРОИЗВОДСТВЕННЫЙ КООПЕРАТИВ,52,Нижегородская область,7,"Калинин, Клемент",A
41,БУТУРИНСКОЕ ЗЕРНО АГРОХОЛДИНГ,52,Нижегородская область,8,"Федосеев, Владимир",A
42,Земля,64,Саратовская область,9,"Молчанов, Мирон",A
43,ПартсОйл-АГРО,71,Тульская область,10,"Калашников, Ярослав",A
44,Вита – 92,64,Саратовская область,11,"Николаев, Гаянэ",C
45,АПК ДОН,31,Белгородская область,12,"Владимиров, Зиновий",C
46,"БЕЛЯНИЦИНО, СЕЛЬСКОХОЗЯЙСТВЕННЫЙ ПРОИЗВОДСТВЕННЫЙ КООПЕРАТИВ",33,Владимирская область,13,"Гришин, Корнелий",B
47,ООО Верякуши (Щигровский район),52,Нижегородская область,14,"Кириллов, Бронислав",C
48,АГРОПРОМЫШЛЕННАЯ КОМПАНИЯ (ЗАО),52,Нижегородская область,15,"Фролов, Самуил",C
49,СХА «Рассвет»,36,Воронежская область,16,"Герасимов, Рубен",B
50,ВЕЛЬДЕМАНОВСКОЕ ОАО,52,Нижегородская область,17,"Павлов, Леонтий",B
51,БУТУРЛИНСКАЯ ПТИЦЕФАБРИКА (ОАО),52,Нижегородская область,18,"Игорьентьев, Тимур",B
52,ВОЛЖАНИН СЕЛЬСКОХОЗЯЙСТВЕННЫЙ ПРОИЗВОДСТВЕННЫЙ КООПЕРАТИВ,52,Нижегородская область,19,"Данилов, Ибрагил",C
53,Партнер Агро,57,Орловская область,20,"Кудряшов, Игорь",A
54,Мехмаш,71,Тульская область,21,"Исаков, Геннадий",B
55,"АГРОПРОМ, ЗАО",33,Владимирская область,22,"Кононов, Адриан",B
56,"ООО ""Переработка""",55,Омская область,23,"Андреев, Ибрагил",C
57,Новые Агротехнологии-Саратов,64,Саратовская область,24,"Исаев, Иван",B
58,"АБРАМОВ А.М., ИНДИВИДУАЛЬНОЕ ПРЕДПРИЯТИЕ",71,Тульская область,25,Кондратьев Роберт,B
59,СПК «Колхоз Заря»,52,Нижегородская область,26,"Беляев, Велорий",C
60,АВАНГАРД СЕЛЬСКОХОЗЯЙСТВЕННЫЙ ПРОИЗВОДСТВЕННЫЙ КООПЕРАТИВ,52,Нижегородская область,27,"Михеев, Валентин",C
61,ООО «СПК «Ждановский»,52,Нижегородская область,28,"Рогов, Артем",C
62,Энгельсское  Саратовская область Ивановский район. ИНН 65146954984,64,Саратовская область,29,"Игнатов, Лука",B
63,КОМСОМОЛЕЦ СЕЛЬСКОХОЗЯЙСТВЕННЫЙ ПРОИЗВОДСТВЕННЫЙ КООПЕРАТИВ,52,Нижегородская область,30,"Казаков, Адриан",A
64,ООО «Бутурлинское зерно»,52,Нижегородская область,31,"Князев, Исак",C
65,СПК «Дубенский»,52,Нижегородская область,32,"Королёв, Лука",B
66,"КРАСНЫЙ ОКТЯБРЬ, СПК",57,Орловская область,33,"Рожков, Алан",A
67,Агрозапчасть-Саратов,64,Саратовская область,1,"Сергеев, Владимир",C
68,ВОСКРЕСЕНСКИЙ» СЕЛЬСКОХОЗЯЙСТВЕННЫЙ ПРОИЗВОДСТВЕННЫЙ КООПЕРАТИВ,52,Нижегородская область,2,"Фёдоров, Игорь",C
69,"ООО ""Агроцентр""",56,Оренбургская область,3,"Мышкин, Станислав",A
70,Трейд-Агро,57,Орловская область,4,"Гурьев, Архип",B
71,ЗАО Колхоз Победа,31,Белгородская область,5,"Кошелев, Яков",A
72,БУТАКОВСКИЙ СЕЛЬСКОХОЗЯЙСТВЕННЫЙ ПРОИЗВОДСТВЕННЫЙ КООПЕРАТИВ,52,Нижегородская область,6,"Федотов, Эльдар",C
73,КХ «Большое поле»,47,Ленинградская область,7,"Калинин, Клемент",A
74,АБРАМОВО ООО,52,Нижегородская область,8,"Федосеев, Владимир",B
75,ЗАО Заря,68,Тамбовская область,9,"Молчанов, Мирон",C
76,Труд,59,Пермский край,10,"Калашников, Ярослав",C
77,Астарта-Техникс,64,Саратовская область,11,"Николаев, Гаянэ",A
78,ВЕСНА ООО,52,Нижегородская область,12,"Владимиров, Зиновий",B
79,БУТУРЛИНСКОЕ ЗЕРНО ООО. ТОВАРИЩЕСТВО на ВЕРЕ «НИКА»,52,Нижегородская область,13,"Гришин, Корнелий",A
80,АГРОДИН ООО,52,Нижегородская область,14,"Кириллов, Бронислав",C
81,ЗУБР,71,Тульская область,15,"Фролов, Самуил",A
82,"БАЙКАЛЛЕССИНТЕЗ, ООО",38,Иркутская область,16,"Герасимов, Рубен",B
83,Волгофлора,34,Волгоградская область,17,"Павлов, Леонтий",A
84,ВЕТЛУГА-АГРО ООО,52,Нижегородская область,18,"Игорьентьев, Тимур",C
85,ВАДАГРО ООО,52,Нижегородская область,19,"Данилов, Ибрагил",C
86,КФХ Пчелка,31,Белгородская область,20,"Кудряшов, Игорь",A
87,ВЕТОШКИНСКИЙ» СЕЛЬСКОХОЗЯЙСТВЕННЫЙ ПРОИЗВОДСТВЕННЫЙ КООПЕРАТИВ,52,Нижегородская область,21,"Исаков, Геннадий",A
88,Белгородский Бекон,31,Белгородская область,22,"Кононов, Адриан",B
89,Пихтовское,59,Пермский край,23,"Андреев, Ибрагил",B
90,Заря Путино,59,Пермский край,24,"Исаев, Иван",B
91,БУРЕВЕСТНИК ОАО,52,Нижегородская область,25,Кондратьев Роберт,A
92,СХПК Березка (Щигровский район),33,Владимирская область,26,"Беляев, Велорий",A
93,"ООО ""Сельхозинвест""",48,Липецкая область,27,"Михеев, Валентин",C
94,ВЕЛИКИЙ ВРАГ СЕЛЬХОЗПРЕДПРИЯТИЕ (ООО),52,Нижегородская область,28,"Рогов, Артем",A
95,"ОАО АПО ""Дружба""",48,Липецкая область,29,"Игнатов, Лука",B
96,АГРО-НОВА ООО,52,Нижегородская область,30,"Казаков, Адриан",A
97,ООО «Племзавод «Пушкинское»,52,Нижегородская область,31,"Князев, Исак",A
98,ВОЗРОЖДЕНИЕ ООО,52,Нижегородская область,32,"Королёв, Лука",C
99,ООО «Атемасово»,52,Нижегородская область,33,"Рожков, Алан",A
100,"ООО ""Агроснаб_ЛТД""",56,Оренбургская область,1,"Сергеев, Владимир",B
101,СПК «Колхоз имени Куйбышева»,52,Нижегородская область,2,"Фёдоров, Игорь",B
102,Автрострой Сельхоз Деталь,71,Тульская область,3,"Мышкин, Станислав",A
103,Перитон,71,Тульская область,4,"Гурьев, Архип",C
104,АО «Румянцевское»,52,Нижегородская область,5,"Кошелев, Яков",B
105,ВОСХОД ООО,77,Москва,6,"Федотов, Эльдар",C
106,АБАИМОВСКИЙ ООО,52,Нижегородская область,7,"Калинин, Клемент",A
107,АГРОПРОМЫШЛЕННЫЙ КОМБИНАТ ОАО,52,Нижегородская область,8,"Федосеев, Владимир",B
108,ИП Глава КФХ Князев А. В.,36,Воронежская область,9,"Молчанов, Мирон",C
109,"ВЛАСТЬ СОВЕТОВ, СЕЛЬСКОХОЗЯЙСТВЕННЫЙ ПРОИЗВОДСТВЕННЫЙ КООПЕРАТИВ",33,Владимирская область,10,"Калашников, Ярослав",A
110,"СХПК ""Воловский""",48,Липецкая область,11,"Николаев, Гаянэ",B
111,"Фермер Орловская область, демо версия",50,Московская область,12,"Владимиров, Зиновий",A
112,ОАО «Хреновской конный завод»,36,Воронежская область,13,"Гришин, Корнелий",C
113,Агролизинг,64,Саратовская область,14,"Кириллов, Бронислав",A
114,СЗАО «Березниковское»,52,Нижегородская область,15,"Фролов, Самуил",A
115,ВАЛЫ ООО,52,Нижегородская область,16,"Герасимов, Рубен",B
116,СПК (колхоз) «им. К. Маркса»,52,Нижегородская область,17,"Павлов, Леонтий",A
117,Дизель,71,Тульская область,18,"Игорьентьев, Тимур",B
118,VOSKHOD GMBH,77,Москва,19,"Данилов, Ибрагил",A
119,СКАУТ,71,Тульская область,20,"Кудряшов, Игорь",B
120,Колхоз Победа коммунизма,71,Тульская область,21,"Исаков, Геннадий",C
121,ЛЕНИНСКИЙ ПУТЬ КОЛХОЗ,52,Нижегородская область,22,"Кононов, Адриан",B
122,АБАБКОВСКОЕ ЗАО,57,Орловская область,23,"Андреев, Ибрагил",B
123,"ВАШУТИНСКОЕ, ООО",33,Владимирская область,24,"Исаев, Иван",B
124,"ПОЛЯНСКОЕ, ООО",61,Ростовская область,25,Кондратьев Роберт,A
125,"НПК ""Русское Поле""",34,Волгоградская область,26,"Беляев, Велорий",A
126,Европа-Биофарм,34,Волгоградская область,27,"Михеев, Валентин",A
127,Агротехснаб,64,Саратовская область,28,"Рогов, Артем",B
128,Агрохолдинг Заречное,73,Ульяновская область,29,"Игнатов, Лука",B
129,ООО «Шатовка»,52,Нижегородская область,30,"Казаков, Адриан",B
130,СПК «Лискинский»,36,Воронежская область,31,"Князев, Исак",C
131,АРЕФИНО ЗАО,52,Нижегородская область,32,"Королёв, Лука",C
132,ВЛАСТЬ СОВЕТОВ» КОЛХОЗ,52,Нижегородская область,33,"Рожков, Алан",B
133,Вертячинский,34,Волгоградская область,1,"Сергеев, Владимир",B
134,ООО «АРГО»,34,Волгоградская область,2,"Фёдоров, Игорь",B
135,«НПФ «Гавриш»,34,Волгоградская область,3,"Мышкин, Станислав",A
136,Агроремторг,71,Тульская область,4,"Гурьев, Архип",A
137,ВЕРНЫЙ ПУТЬ СЕЛЬСКОХОЗЯЙСТВЕННЫЙ ПРОИЗВОДСТВЕННЫЙ КООПЕРАТИВ,52,Нижегородская область,5,"Кошелев, Яков",B
138,Сады Придонья,34,Волгоградская область,6,"Федотов, Эльдар",C
139,ВЕРЯКУШСКИЙ» СЕЛЬСКОХОЗЯЙСТВЕННЫЙ ПРОИЗВОДСТВЕННЫЙ КООПЕРАТИВ,52,Нижегородская область,7,"Калинин, Клемент",B
140,"ДАВЫДОВСКОЕ, ООО",33,Владимирская область,8,"Федосеев, Владимир",C
141,Агрорезерв-СВ,56,Оренбургская область,9,"Молчанов, Мирон",A
142,ВАЛКОВСКИЙ СЕЛЬСКОХОЗЯЙСТВЕННЫЙ ПРОИЗВОДСТВЕННЫЙ КООПЕРАТИВ,52,Нижегородская область,10,"Калашников, Ярослав",A
143,"ООО ""Сибирские семена""",55,Омская область,11,"Николаев, Гаянэ",C
144,АТЕМАСОВО ООО,52,Нижегородская область,12,"Владимиров, Зиновий",A
145,СПК «Березники»,52,Нижегородская область,13,"Гришин, Корнелий",C
146,"ОКТЯБРЬСКИЙ, СПК",36,Воронежская область,14,"Кириллов, Бронислав",A
147,"НПООО ""Подсолнечник""",34,Волгоградская область,15,"Фролов, Самуил",B
148,Колхоз Заря,68,Тамбовская область,16,"Герасимов, Рубен",A
149,"ООО ""Нововаршавская семеноводческая станция",55,Омская область,17,"Павлов, Леонтий",B
150,ВАЧСКАЯ МАШИННО-ТРАКТОРНАЯ СТАНЦИЯ (ООО),52,Нижегородская область,18,"Игорьентьев, Тимур",A
151,Интерпарк-Агро,64,Саратовская область,19,"Данилов, Ибрагил",B
152,"ВЛАДИМИРСКИЕ ОВОЩИ, ООО",33,Владимирская область,20,"Кудряшов, Игорь",C
153,ВОСКРЕСЕНСКОЕ АГРАРНОЕ ПРЕДПРИЯТИЕ (ООО),52,Нижегородская область,21,"Исаков, Геннадий",C
154,ЛПХ Заканальная,34,Волгоградская область,22,"Кононов, Адриан",A
155,Фермер Орловская область,57,Орловская область,23,"Андреев, Ибрагил",B
156,АГРОПРОМЫШЛЕННОЕ ПРЕДПРИЯТИЕ ИМЕНИ КИРОВА (ОАО),52,Нижегородская область,24,"Исаев, Иван",A
157,Промагроснаб,64,Саратовская область,25,Кондратьев Роберт,C
158,"Агротехнический центр ""Агрегат""",71,Тульская область,26,"Беляев, Велорий",C
159,Агродон-холдинг,62,Рязанская область,27,"Михеев, Валентин",C
160,ВЕЛИКОВСКИЙ СЕЛЬСКОХОЗЯЙСТВЕННЫЙ ПРОИЗВОДСТВЕННЫЙ КООПЕРАТИВ,52,Нижегородская область,28,"Рогов, Артем",B
161,МК АВИДА,31,Белгородская область,29,"Игнатов, Лука",C
162,АЗРАПИНСКИЙ СЕЛЬСКОХОЗЯЙСТВЕННЫЙ ПРОИЗВОДСТВЕННЫЙ КООПЕРАТИВ,52,Нижегородская область,30,"Казаков, Адриан",B
163,ВОЗРОЖДЕНИЕ ОАО,52,Нижегородская область,31,"Князев, Исак",C
164,1 Мая СЕЛЬСКОХОЗЯЙСТВЕННЫЙ ПРОИЗВОДСТВЕННЫЙ КООПЕРАТИВ,52,Нижегородская область,32,"Королёв, Лука",C
165,БУТУРИНСКОЕ ЗЕРНО АГРОХОЛДИНГ,52,Нижегородская область,33,"Рожков, Алан",C
166,Земля,64,Саратовская область,1,"Сергеев, Владимир",B
167,ПартсОйл-АГРО,71,Тульская область,2,"Фёдоров, Игорь",B
168,Вита – 92,64,Саратовская область,3,"Мышкин, Станислав",A
169,АПК ДОН,31,Белгородская область,4,"Гурьев, Архип",B
170,"БЕЛЯНИЦИНО, СЕЛЬСКОХОЗЯЙСТВЕННЫЙ ПРОИЗВОДСТВЕННЫЙ КООПЕРАТИВ",33,Владимирская область,5,"Кошелев, Яков",B
171,ООО Верякуши (Щигровский район),52,Нижегородская область,6,"Федотов, Эльдар",C
172,АГРОПРОМЫШЛЕННАЯ КОМПАНИЯ (ЗАО),52,Нижегородская область,7,"Калинин, Клемент",C
173,СХА «Рассвет»,36,Воронежская область,8,"Федосеев, Владимир",A
174,ВЕЛЬДЕМАНОВСКОЕ ОАО,52,Нижегородская область,9,"Молчанов, Мирон",B
175,БУТУРЛИНСКАЯ ПТИЦЕФАБРИКА (ОАО),52,Нижегородская область,10,"Калашников, Ярослав",C
176,ВОЛЖАНИН СЕЛЬСКОХОЗЯЙСТВЕННЫЙ ПРОИЗВОДСТВЕННЫЙ КООПЕРАТИВ,52,Нижегородская область,11,"Николаев, Гаянэ",B
177,Партнер Агро,57,Орловская область,12,"Владимиров, Зиновий",B
178,Мехмаш,71,Тульская область,13,"Гришин, Корнелий",A
179,"АГРОПРОМ, ЗАО",33,Владимирская область,14,"Кириллов, Бронислав",A
180,"ООО ""Переработка""",55,Омская область,15,"Фролов, Самуил",A
181,Новые Агротехнологии-Саратов,64,Саратовская область,16,"Герасимов, Рубен",C
182,"АБРАМОВ А.М., ИНДИВИДУАЛЬНОЕ ПРЕДПРИЯТИЕ",71,Тульская область,17,"Павлов, Леонтий",B
183,СПК «Колхоз Заря»,52,Нижегородская область,18,"Игорьентьев, Тимур",C
184,АВАНГАРД СЕЛЬСКОХОЗЯЙСТВЕННЫЙ ПРОИЗВОДСТВЕННЫЙ КООПЕРАТИВ,52,Нижегородская область,19,"Данилов, Ибрагил",C
185,ООО «СПК «Ждановский»,52,Нижегородская область,20,"Кудряшов, Игорь",C
186,Энгельсское  Саратовская область Ивановский район. ИНН 65146954984,64,Саратовская область,21,"Исаков, Геннадий",A
187,КОМСОМОЛЕЦ СЕЛЬСКОХОЗЯЙСТВЕННЫЙ ПРОИЗВОДСТВЕННЫЙ КООПЕРАТИВ,52,Нижегородская область,22,"Кононов, Адриан",A
188,ООО «Бутурлинское зерно»,52,Нижегородская область,23,"Андреев, Ибрагил",C
189,СПК «Дубенский»,52,Нижегородская область,24,"Исаев, Иван",B
190,"КРАСНЫЙ ОКТЯБРЬ, СПК",57,Орловская область,25,Кондратьев Роберт,B
191,Агрозапчасть-Саратов,64,Саратовская область,26,"Беляев, Велорий",C
192,ВОСКРЕСЕНСКИЙ» СЕЛЬСКОХОЗЯЙСТВЕННЫЙ ПРОИЗВОДСТВЕННЫЙ КООПЕРАТИВ,52,Нижегородская область,27,"Михеев, Валентин",C
193,"ООО ""Агроцентр""",56,Оренбургская область,28,"Рогов, Артем",B
194,Трейд-Агро,57,Орловская область,29,"Игнатов, Лука",C
195,ЗАО Колхоз Победа,31,Белгородская область,30,"Казаков, Адриан",C
196,БУТАКОВСКИЙ СЕЛЬСКОХОЗЯЙСТВЕННЫЙ ПРОИЗВОДСТВЕННЫЙ КООПЕРАТИВ,52,Нижегородская область,31,"Князев, Исак",B
197,КХ «Большое поле»,47,Ленинградская область,32,"Королёв, Лука",A
198,АБРАМОВО ООО,52,Нижегородская область,33,"Рожков, Алан",C
199,ЗАО Заря,68,Тамбовская область,1,"Сергеев, Владимир",B
200,Труд,59,Пермский край,2,"Фёдоров, Игорь",A
201,Астарта-Техникс,64,Саратовская область,3,"Мышкин, Станислав",C
202,ВЕСНА ООО,52,Нижегородская область,4,"Гурьев, Архип",A
203,БУТУРЛИНСКОЕ ЗЕРНО ООО. ТОВАРИЩЕСТВО на ВЕРЕ «НИКА»,52,Нижегородская область,5,"Кошелев, Яков",C
204,АГРОДИН ООО,52,Нижегородская область,6,"Федотов, Эльдар",A
205,ЗУБР,71,Тульская область,7,"Калинин, Клемент",C
206,"БАЙКАЛЛЕССИНТЕЗ, ООО",38,Иркутская область,8,"Федосеев, Владимир",C
207,Волгофлора,34,Волгоградская область,9,"Молчанов, Мирон",B
208,ВЕТЛУГА-АГРО ООО,52,Нижегородская область,10,"Калашников, Ярослав",A
209,ВАДАГРО ООО,52,Нижегородская область,11,"Николаев, Гаянэ",C
210,КФХ Пчелка,31,Белгородская область,12,"Владимиров, Зиновий",A
211,ВЕТОШКИНСКИЙ» СЕЛЬСКОХОЗЯЙСТВЕННЫЙ ПРОИЗВОДСТВЕННЫЙ КООПЕРАТИВ,52,Нижегородская область,13,"Гришин, Корнелий",A
212,Белгородский Бекон,31,Белгородская область,14,"Кириллов, Бронислав",B
213,Пихтовское,59,Пермский край,15,"Фролов, Самуил",C
214,Заря Путино,59,Пермский край,16,"Герасимов, Рубен",C
215,БУРЕВЕСТНИК ОАО,52,Нижегородская область,17,"Павлов, Леонтий",A
216,СХПК Березка (Щигровский район),33,Владимирская область,18,"Игорьентьев, Тимур",A
217,"ООО ""Сельхозинвест""",48,Липецкая область,19,"Данилов, Ибрагил",B
218,ВЕЛИКИЙ ВРАГ СЕЛЬХОЗПРЕДПРИЯТИЕ (ООО),52,Нижегородская область,20,"Кудряшов, Игорь",A
219,"ОАО АПО ""Дружба""",48,Липецкая область,21,"Исаков, Геннадий",C
220,АГРО-НОВА ООО,52,Нижегородская область,22,"Кононов, Адриан",A
221,ООО «Племзавод «Пушкинское»,52,Нижегородская область,23,"Андреев, Ибрагил",B
222,ВОЗРОЖДЕНИЕ ООО,52,Нижегородская область,24,"Исаев, Иван",B
223,ООО «Атемасово»,52,Нижегородская область,25,Кондратьев Роберт,B
224,"ООО ""Агроснаб_ЛТД""",56,Оренбургская область,26,"Беляев, Велорий",A
225,СПК «Колхоз имени Куйбышева»,52,Нижегородская область,27,"Михеев, Валентин",B
226,Автрострой Сельхоз Деталь,71,Тульская область,28,"Рогов, Артем",C
227,Перитон,71,Тульская область,29,"Игнатов, Лука",A
228,АО «Румянцевское»,52,Нижегородская область,30,"Казаков, Адриан",C
229,ВОСХОД ООО,77,Москва,31,"Князев, Исак",B
230,АБАИМОВСКИЙ ООО,52,Нижегородская область,32,"Королёв, Лука",B
231,АГРОПРОМЫШЛЕННЫЙ КОМБИНАТ ОАО,52,Нижегородская область,33,"Рожков, Алан",A
232,ИП Глава КФХ Князев А. В.,36,Воронежская область,1,"Сергеев, Владимир",B
233,"ВЛАСТЬ СОВЕТОВ, СЕЛЬСКОХОЗЯЙСТВЕННЫЙ ПРОИЗВОДСТВЕННЫЙ КООПЕРАТИВ",33,Владимирская область,2,"Фёдоров, Игорь",C
234,"СХПК ""Воловский""",48,Липецкая область,3,"Мышкин, Станислав",A
235,"Фермер Орловская область, демо версия",50,Московская область,4,"Гурьев, Архип",C
236,ОАО «Хреновской конный завод»,36,Воронежская область,5,"Кошелев, Яков",B
237,Агролизинг,64,Саратовская область,6,"Федотов, Эльдар",A
238,СЗАО «Березниковское»,52,Нижегородская область,7,"Калинин, Клемент",C
239,ВАЛЫ ООО,52,Нижегородская область,8,"Федосеев, Владимир",B
240,СПК (колхоз) «им. К. Маркса»,52,Нижегородская область,9,"Молчанов, Мирон",C
241,Дизель,71,Тульская область,10,"Калашников, Ярослав",A
242,VOSKHOD GMBH,77,Москва,11,"Николаев, Гаянэ",B
243,СКАУТ,71,Тульская область,12,"Владимиров, Зиновий",A
244,Колхоз Победа коммунизма,71,Тульская область,13,"Гришин, Корнелий",C
245,ЛЕНИНСКИЙ ПУТЬ КОЛХОЗ,52,Нижегородская область,14,"Кириллов, Бронислав",C
246,АБАБКОВСКОЕ ЗАО,57,Орловская область,15,"Фролов, Самуил",B
247,"ВАШУТИНСКОЕ, ООО",33,Владимирская область,16,"Герасимов, Рубен",B
248,"ПОЛЯНСКОЕ, ООО",61,Ростовская область,17,"Павлов, Леонтий",C
249,"НПК ""Русское Поле""",34,Волгоградская область,18,"Игорьентьев, Тимур",A
250,Европа-Биофарм,34,Волгоградская область,19,"Данилов, Ибрагил",B
251,Агротехснаб,64,Саратовская область,20,"Кудряшов, Игорь",A
252,Агрохолдинг Заречное,73,Ульяновская область,21,"Исаков, Геннадий",B
253,ООО «Шатовка»,52,Нижегородская область,22,"Кононов, Адриан",B
254,СПК «Лискинский»,36,Воронежская область,23,"Андреев, Ибрагил",C
255,АРЕФИНО ЗАО,52,Нижегородская область,24,"Исаев, Иван",B
256,ВЛАСТЬ СОВЕТОВ» КОЛХОЗ,52,Нижегородская область,25,Кондратьев Роберт,A
257,Вертячинский,34,Волгоградская область,26,"Беляев, Велорий",B
258,ООО «АРГО»,34,Волгоградская область,27,"Михеев, Валентин",B
259,«НПФ «Гавриш»,34,Волгоградская область,28,"Рогов, Артем",B
260,Агроремторг,71,Тульская область,29,"Игнатов, Лука",C
261,ВЕРНЫЙ ПУТЬ СЕЛЬСКОХОЗЯЙСТВЕННЫЙ ПРОИЗВОДСТВЕННЫЙ КООПЕРАТИВ,52,Нижегородская область,30,"Казаков, Адриан",B
262,Сады Придонья,34,Волгоградская область,31,"Князев, Исак",B
263,ВЕРЯКУШСКИЙ» СЕЛЬСКОХОЗЯЙСТВЕННЫЙ ПРОИЗВОДСТВЕННЫЙ КООПЕРАТИВ,52,Нижегородская область,32,"Королёв, Лука",B
264,"ДАВЫДОВСКОЕ, ООО",33,Владимирская область,33,"Рожков, Алан",A
265,Агрорезерв-СВ,56,Оренбургская область,1,"Сергеев, Владимир",B
266,ВАЛКОВСКИЙ СЕЛЬСКОХОЗЯЙСТВЕННЫЙ ПРОИЗВОДСТВЕННЫЙ КООПЕРАТИВ,52,Нижегородская область,2,"Фёдоров, Игорь",C
267,"ООО ""Сибирские семена""",55,Омская область,3,"Мышкин, Станислав",C
268,АТЕМАСОВО ООО,52,Нижегородская область,4,"Гурьев, Архип",C
269,СПК «Березники»,52,Нижегородская область,5,"Кошелев, Яков",A
270,"ОКТЯБРЬСКИЙ, СПК",36,Воронежская область,6,"Федотов, Эльдар",A
271,"НПООО ""Подсолнечник""",34,Волгоградская область,7,"Калинин, Клемент",B
272,Колхоз Заря,68,Тамбовская область,8,"Федосеев, Владимир",C
273,"ООО ""Нововаршавская семеноводческая станция",55,Омская область,9,"Молчанов, Мирон",A
274,ВАЧСКАЯ МАШИННО-ТРАКТОРНАЯ СТАНЦИЯ (ООО),52,Нижегородская область,10,"Калашников, Ярослав",C
275,Интерпарк-Агро,64,Саратовская область,11,"Николаев, Гаянэ",A
276,"ВЛАДИМИРСКИЕ ОВОЩИ, ООО",33,Владимирская область,12,"Владимиров, Зиновий",C
277,ВОСКРЕСЕНСКОЕ АГРАРНОЕ ПРЕДПРИЯТИЕ (ООО),52,Нижегородская область,13,"Гришин, Корнелий",C
278,ЛПХ Заканальная,34,Волгоградская область,14,"Кириллов, Бронислав",B
279,Фермер Орловская область,57,Орловская область,15,"Фролов, Самуил",A
280,АГРОПРОМЫШЛЕННОЕ ПРЕДПРИЯТИЕ ИМЕНИ КИРОВА (ОАО),52,Нижегородская область,16,"Герасимов, Рубен",A
281,Промагроснаб,64,Саратовская область,17,"Павлов, Леонтий",B
282,"Агротехнический центр ""Агрегат""",71,Тульская область,18,"Игорьентьев, Тимур",B
283,Агродон-холдинг,62,Рязанская область,19,"Данилов, Ибрагил",A
284,ВЕЛИКОВСКИЙ СЕЛЬСКОХОЗЯЙСТВЕННЫЙ ПРОИЗВОДСТВЕННЫЙ КООПЕРАТИВ,52,Нижегородская область,20,"Кудряшов, Игорь",B
285,МК АВИДА,31,Белгородская область,21,"Исаков, Геннадий",A
286,АЗРАПИНСКИЙ СЕЛЬСКОХОЗЯЙСТВЕННЫЙ ПРОИЗВОДСТВЕННЫЙ КООПЕРАТИВ,52,Нижегородская область,22,"Кононов, Адриан",A
287,ВОЗРОЖДЕНИЕ ОАО,52,Нижегородская область,23,"Андреев, Ибрагил",A
288,1 Мая СЕЛЬСКОХОЗЯЙСТВЕННЫЙ ПРОИЗВОДСТВЕННЫЙ КООПЕРАТИВ,52,Нижегородская область,24,"Исаев, Иван",C
289,БУТУРИНСКОЕ ЗЕРНО АГРОХОЛДИНГ,52,Нижегородская область,25,Кондратьев Роберт,B
290,Земля,64,Саратовская область,26,"Беляев, Велорий",A
291,ПартсОйл-АГРО,71,Тульская область,27,"Михеев, Валентин",B
292,Вита – 92,64,Саратовская область,28,"Рогов, Артем",A
293,АПК ДОН,31,Белгородская область,29,"Игнатов, Лука",B
294,"БЕЛЯНИЦИНО, СЕЛЬСКОХОЗЯЙСТВЕННЫЙ ПРОИЗВОДСТВЕННЫЙ КООПЕРАТИВ",33,Владимирская область,30,"Казаков, Адриан",B
295,ООО Верякуши (Щигровский район),52,Нижегородская область,31,"Князев, Исак",A
296,АГРОПРОМЫШЛЕННАЯ КОМПАНИЯ (ЗАО),52,Нижегородская область,32,"Королёв, Лука",B
297,СХА «Рассвет»,36,Воронежская область,33,"Рожков, Алан",A
298,ВЕЛЬДЕМАНОВСКОЕ ОАО,52,Нижегородская область,1,"Сергеев, Владимир",C
299,БУТУРЛИНСКАЯ ПТИЦЕФАБРИКА (ОАО),52,Нижегородская область,2,"Фёдоров, Игорь",B
300,ВОЛЖАНИН СЕЛЬСКОХОЗЯЙСТВЕННЫЙ ПРОИЗВОДСТВЕННЫЙ КООПЕРАТИВ,52,Нижегородская область,3,"Мышкин, Станислав",A
301,Партнер Агро,57,Орловская область,4,"Гурьев, Архип",C
302,Мехмаш,71,Тульская область,5,"Кошелев, Яков",C
303,"АГРОПРОМ, ЗАО",33,Владимирская область,6,"Федотов, Эльдар",C
304,"ООО ""Переработка""",55,Омская область,7,"Калинин, Клемент",A
305,Новые Агротехнологии-Саратов,64,Саратовская область,8,"Федосеев, Владимир",C
306,"АБРАМОВ А.М., ИНДИВИДУАЛЬНОЕ ПРЕДПРИЯТИЕ",71,Тульская область,9,"Молчанов, Мирон",A
307,СПК «Колхоз Заря»,52,Нижегородская область,10,"Калашников, Ярослав",C
308,АВАНГАРД СЕЛЬСКОХОЗЯЙСТВЕННЫЙ ПРОИЗВОДСТВЕННЫЙ КООПЕРАТИВ,52,Нижегородская область,11,"Николаев, Гаянэ",B
309,ООО «СПК «Ждановский»,52,Нижегородская область,12,"Владимиров, Зиновий",B
310,Энгельсское  Саратовская область Ивановский район. ИНН 65146954984,64,Саратовская область,13,"Гришин, Корнелий",C
311,КОМСОМОЛЕЦ СЕЛЬСКОХОЗЯЙСТВЕННЫЙ ПРОИЗВОДСТВЕННЫЙ КООПЕРАТИВ,52,Нижегородская область,14,"Кириллов, Бронислав",C
312,ООО «Бутурлинское зерно»,52,Нижегородская область,15,"Фролов, Самуил",B
313,СПК «Дубенский»,52,Нижегородская область,16,"Герасимов, Рубен",C
314,"КРАСНЫЙ ОКТЯБРЬ, СПК",57,Орловская область,17,"Павлов, Леонтий",C
315,Агрозапчасть-Саратов,64,Саратовская область,18,"Игорьентьев, Тимур",B
316,ВОСКРЕСЕНСКИЙ» СЕЛЬСКОХОЗЯЙСТВЕННЫЙ ПРОИЗВОДСТВЕННЫЙ КООПЕРАТИВ,52,Нижегородская область,19,"Данилов, Ибрагил",C
317,"ООО ""Агроцентр""",56,Оренбургская область,20,"Кудряшов, Игорь",C
318,Трейд-Агро,57,Орловская область,21,"Исаков, Геннадий",A
319,ЗАО Колхоз Победа,31,Белгородская область,22,"Кононов, Адриан",B
320,БУТАКОВСКИЙ СЕЛЬСКОХОЗЯЙСТВЕННЫЙ ПРОИЗВОДСТВЕННЫЙ КООПЕРАТИВ,52,Нижегородская область,23,"Андреев, Ибрагил",B
321,КХ «Большое поле»,47,Ленинградская область,24,"Исаев, Иван",B
322,АБРАМОВО ООО,52,Нижегородская область,25,Кондратьев Роберт,A
323,ЗАО Заря,68,Тамбовская область,26,"Беляев, Велорий",A
324,Труд,59,Пермский край,27,"Михеев, Валентин",A
325,Астарта-Техникс,64,Саратовская область,28,"Рогов, Артем",C
326,ВЕСНА ООО,52,Нижегородская область,29,"Игнатов, Лука",A
327,БУТУРЛИНСКОЕ ЗЕРНО ООО. ТОВАРИЩЕСТВО на ВЕРЕ «НИКА»,52,Нижегородская область,30,"Казаков, Адриан",C
328,АГРОДИН ООО,52,Нижегородская область,31,"Князев, Исак",B
329,ЗУБР,71,Тульская область,32,"Королёв, Лука",C
330,"БАЙКАЛЛЕССИНТЕЗ, ООО",38,Иркутская область,33,"Рожков, Алан",B
331,Волгофлора,34,Волгоградская область,1,"Сергеев, Владимир",C
332,ВЕТЛУГА-АГРО ООО,52,Нижегородская область,2,"Фёдоров, Игорь",A
333,ВАДАГРО ООО,52,Нижегородская область,3,"Мышкин, Станислав",B
334,КФХ Пчелка,31,Белгородская область,4,"Гурьев, Архип",A
335,ВЕТОШКИНСКИЙ» СЕЛЬСКОХОЗЯЙСТВЕННЫЙ ПРОИЗВОДСТВЕННЫЙ КООПЕРАТИВ,52,Нижегородская область,5,"Кошелев, Яков",A
336,Белгородский Бекон,31,Белгородская область,6,"Федотов, Эльдар",B
337,Пихтовское,59,Пермский край,7,"Калинин, Клемент",A
338,Заря Путино,59,Пермский край,8,"Федосеев, Владимир",C
339,БУРЕВЕСТНИК ОАО,52,Нижегородская область,9,"Молчанов, Мирон",C
340,СХПК Березка (Щигровский район),33,Владимирская область,10,"Калашников, Ярослав",C
341,"ООО ""Сельхозинвест""",48,Липецкая область,11,"Николаев, Гаянэ",A
342,ВЕЛИКИЙ ВРАГ СЕЛЬХОЗПРЕДПРИЯТИЕ (ООО),52,Нижегородская область,12,"Владимиров, Зиновий",A
343,"ОАО АПО ""Дружба""",48,Липецкая область,13,"Гришин, Корнелий",A
344,АГРО-НОВА ООО,52,Нижегородская область,14,"Кириллов, Бронислав",A
345,ООО «Племзавод «Пушкинское»,52,Нижегородская область,15,"Фролов, Самуил",A
346,ВОЗРОЖДЕНИЕ ООО,52,Нижегородская область,16,"Герасимов, Рубен",C
347,ООО «Атемасово»,52,Нижегородская область,17,"Павлов, Леонтий",A
348,"ООО ""Агроснаб_ЛТД""",56,Оренбургская область,18,"Игорьентьев, Тимур",B
349,СПК «Колхоз имени Куйбышева»,52,Нижегородская область,19,"Данилов, Ибрагил",B
350,Автрострой Сельхоз Деталь,71,Тульская область,20,"Кудряшов, Игорь",A
351,Перитон,71,Тульская область,21,"Исаков, Геннадий",B
352,АО «Румянцевское»,52,Нижегородская область,22,"Кононов, Адриан",A
353,ВОСХОД ООО,77,Москва,23,"Андреев, Ибрагил",B
354,АБАИМОВСКИЙ ООО,52,Нижегородская область,24,"Исаев, Иван",C
355,АГРОПРОМЫШЛЕННЫЙ КОМБИНАТ ОАО,52,Нижегородская область,25,Кондратьев Роберт,B
356,ИП Глава КФХ Князев А. В.,36,Воронежская область,26,"Беляев, Велорий",C
357,"ВЛАСТЬ СОВЕТОВ, СЕЛЬСКОХОЗЯЙСТВЕННЫЙ ПРОИЗВОДСТВЕННЫЙ КООПЕРАТИВ",33,Владимирская область,27,"Михеев, Валентин",B
358,"СХПК ""Воловский""",48,Липецкая область,28,"Рогов, Артем",C
359,"Фермер Орловская область, демо версия",50,Московская область,29,"Игнатов, Лука",A
360,ОАО «Хреновской конный завод»,36,Воронежская область,30,"Казаков, Адриан",A
361,Агролизинг,64,Саратовская область,31,"Князев, Исак",B
362,СЗАО «Березниковское»,52,Нижегородская область,32,"Королёв, Лука",A
363,ВАЛЫ ООО,52,Нижегородская область,33,"Рожков, Алан",B
364,СПК (колхоз) «им. К. Маркса»,52,Нижегородская область,1,"Сергеев, Владимир",A
365,Дизель,71,Тульская область,2,"Фёдоров, Игорь",A
366,VOSKHOD GMBH,77,Москва,3,"Мышкин, Станислав",A
367,СКАУТ,71,Тульская область,4,"Гурьев, Архип",C
368,Колхоз Победа коммунизма,71,Тульская область,5,"Кошелев, Яков",C
369,ЛЕНИНСКИЙ ПУТЬ КОЛХОЗ,52,Нижегородская область,6,"Федотов, Эльдар",C
370,АБАБКОВСКОЕ ЗАО,57,Орловская область,7,"Калинин, Клемент",A
371,"ВАШУТИНСКОЕ, ООО",33,Владимирская область,8,"Федосеев, Владимир",A
372,"ПОЛЯНСКОЕ, ООО",61,Ростовская область,9,"Молчанов, Мирон",A
373,"НПК ""Русское Поле""",34,Волгоградская область,10,"Калашников, Ярослав",C
374,Европа-Биофарм,34,Волгоградская область,11,"Николаев, Гаянэ",A
375,Агротехснаб,64,Саратовская область,12,"Владимиров, Зиновий",B
376,Агрохолдинг Заречное,73,Ульяновская область,13,"Гришин, Корнелий",C
377,ООО «Шатовка»,52,Нижегородская область,14,"Кириллов, Бронислав",A
378,СПК «Лискинский»,36,Воронежская область,15,"Фролов, Самуил",A
379,АРЕФИНО ЗАО,52,Нижегородская область,16,"Герасимов, Рубен",B
380,ВЛАСТЬ СОВЕТОВ» КОЛХОЗ,52,Нижегородская область,17,"Павлов, Леонтий",C
381,Вертячинский,34,Волгоградская область,18,"Игорьентьев, Тимур",B
382,ООО «АРГО»,34,Волгоградская область,19,"Данилов, Ибрагил",A
383,«НПФ «Гавриш»,34,Волгоградская область,20,"Кудряшов, Игорь",C
384,Агроремторг,71,Тульская область,21,"Исаков, Геннадий",A
385,ВЕРНЫЙ ПУТЬ СЕЛЬСКОХОЗЯЙСТВЕННЫЙ ПРОИЗВОДСТВЕННЫЙ КООПЕРАТИВ,52,Нижегородская область,22,"Кононов, Адриан",C
386,Сады Придонья,34,Волгоградская область,23,"Андреев, Ибрагил",B
387,ВЕРЯКУШСКИЙ» СЕЛЬСКОХОЗЯЙСТВЕННЫЙ ПРОИЗВОДСТВЕННЫЙ КООПЕРАТИВ,52,Нижегородская область,24,"Исаев, Иван",A
388,"ДАВЫДОВСКОЕ, ООО",33,Владимирская область,25,Кондратьев Роберт,A
389,Агрорезерв-СВ,56,Оренбургская область,26,"Беляев, Велорий",B
390,ВАЛКОВСКИЙ СЕЛЬСКОХОЗЯЙСТВЕННЫЙ ПРОИЗВОДСТВЕННЫЙ КООПЕРАТИВ,52,Нижегородская область,27,"Михеев, Валентин",A
391,"ООО ""Сибирские семена""",55,Омская область,28,"Рогов, Артем",A
392,АТЕМАСОВО ООО,52,Нижегородская область,29,"Игнатов, Лука",C
393,СПК «Березники»,52,Нижегородская область,30,"Казаков, Адриан",B
394,"ОКТЯБРЬСКИЙ, СПК",36,Воронежская область,31,"Князев, Исак",B
395,"НПООО ""Подсолнечник""",34,Волгоградская область,32,"Королёв, Лука",B
396,Колхоз Заря,68,Тамбовская область,33,"Рожков, Алан",B
397,"ООО ""Нововаршавская семеноводческая станция",55,Омская область,1,"Сергеев, Владимир",C
398,ВАЧСКАЯ МАШИННО-ТРАКТОРНАЯ СТАНЦИЯ (ООО),52,Нижегородская область,2,"Фёдоров, Игорь",C
399,Интерпарк-Агро,64,Саратовская область,3,"Мышкин, Станислав",C
400,"ВЛАДИМИРСКИЕ ОВОЩИ, ООО",33,Владимирская область,4,"Гурьев, Архип",B
401,ВОСКРЕСЕНСКОЕ АГРАРНОЕ ПРЕДПРИЯТИЕ (ООО),52,Нижегородская область,5,"Кошелев, Яков",B
402,ЛПХ Заканальная,34,Волгоградская область,6,"Федотов, Эльдар",C
403,Фермер Орловская область,57,Орловская область,7,"Калинин, Клемент",A
404,АГРОПРОМЫШЛЕННОЕ ПРЕДПРИЯТИЕ ИМЕНИ КИРОВА (ОАО),52,Нижегородская область,8,"Федосеев, Владимир",B
405,Промагроснаб,64,Саратовская область,9,"Молчанов, Мирон",C
406,"Агротехнический центр ""Агрегат""",71,Тульская область,10,"Калашников, Ярослав",A
407,Агродон-холдинг,62,Рязанская область,11,"Николаев, Гаянэ",B
408,ВЕЛИКОВСКИЙ СЕЛЬСКОХОЗЯЙСТВЕННЫЙ ПРОИЗВОДСТВЕННЫЙ КООПЕРАТИВ,52,Нижегородская область,12,"Владимиров, Зиновий",C
409,МК АВИДА,31,Белгородская область,13,"Гришин, Корнелий",A
410,АЗРАПИНСКИЙ СЕЛЬСКОХОЗЯЙСТВЕННЫЙ ПРОИЗВОДСТВЕННЫЙ КООПЕРАТИВ,52,Нижегородская область,14,"Кириллов, Бронислав",C
411,ВОЗРОЖДЕНИЕ ОАО,52,Нижегородская область,15,"Фролов, Самуил",B
412,1 Мая СЕЛЬСКОХОЗЯЙСТВЕННЫЙ ПРОИЗВОДСТВЕННЫЙ КООПЕРАТИВ,52,Нижегородская область,16,"Герасимов, Рубен",C
413,БУТУРИНСКОЕ ЗЕРНО АГРОХОЛДИНГ,52,Нижегородская область,17,"Павлов, Леонтий",A
414,Земля,64,Саратовская область,18,"Игорьентьев, Тимур",A
415,ПартсОйл-АГРО,71,Тульская область,19,"Данилов, Ибрагил",A
416,Вита – 92,64,Саратовская область,20,"Кудряшов, Игорь",B
417,АПК ДОН,31,Белгородская область,21,"Исаков, Геннадий",A
418,"БЕЛЯНИЦИНО, СЕЛЬСКОХОЗЯЙСТВЕННЫЙ ПРОИЗВОДСТВЕННЫЙ КООПЕРАТИВ",33,Владимирская область,22,"Кононов, Адриан",A
419,ООО Верякуши (Щигровский район),52,Нижегородская область,23,"Андреев, Ибрагил",A
420,АГРОПРОМЫШЛЕННАЯ КОМПАНИЯ (ЗАО),52,Нижегородская область,24,"Исаев, Иван",B
421,СХА «Рассвет»,36,Воронежская область,25,Кондратьев Роберт,C
422,ВЕЛЬДЕМАНОВСКОЕ ОАО,52,Нижегородская область,26,"Беляев, Велорий",A
423,БУТУРЛИНСКАЯ ПТИЦЕФАБРИКА (ОАО),52,Нижегородская область,27,"Михеев, Валентин",B
424,ВОЛЖАНИН СЕЛЬСКОХОЗЯЙСТВЕННЫЙ ПРОИЗВОДСТВЕННЫЙ КООПЕРАТИВ,52,Нижегородская область,28,"Рогов, Артем",A
425,Партнер Агро,57,Орловская область,29,"Игнатов, Лука",C
426,Мехмаш,71,Тульская область,30,"Казаков, Адриан",C
427,"АГРОПРОМ, ЗАО",33,Владимирская область,31,"Князев, Исак",B
428,"ООО ""Переработка""",55,Омская область,32,"Королёв, Лука",A
429,Новые Агротехнологии-Саратов,64,Саратовская область,33,"Рожков, Алан",C
430,"АБРАМОВ А.М., ИНДИВИДУАЛЬНОЕ ПРЕДПРИЯТИЕ",71,Тульская область,1,"Сергеев, Владимир",C
431,СПК «Колхоз Заря»,52,Нижегородская область,2,"Фёдоров, Игорь",A
432,АВАНГАРД СЕЛЬСКОХОЗЯЙСТВЕННЫЙ ПРОИЗВОДСТВЕННЫЙ КООПЕРАТИВ,52,Нижегородская область,3,"Мышкин, Станислав",C
433,ООО «СПК «Ждановский»,52,Нижегородская область,4,"Гурьев, Архип",C
434,Энгельсское  Саратовская область Ивановский район. ИНН 65146954984,64,Саратовская область,5,"Кошелев, Яков",A
435,КОМСОМОЛЕЦ СЕЛЬСКОХОЗЯЙСТВЕННЫЙ ПРОИЗВОДСТВЕННЫЙ КООПЕРАТИВ,52,Нижегородская область,6,"Федотов, Эльдар",B
436,ООО «Бутурлинское зерно»,52,Нижегородская область,7,"Калинин, Клемент",A
437,СПК «Дубенский»,52,Нижегородская область,8,"Федосеев, Владимир",C
438,"КРАСНЫЙ ОКТЯБРЬ, СПК",57,Орловская область,9,"Молчанов, Мирон",A
439,Агрозапчасть-Саратов,64,Саратовская область,10,"Калашников, Ярослав",B
440,ВОСКРЕСЕНСКИЙ» СЕЛЬСКОХОЗЯЙСТВЕННЫЙ ПРОИЗВОДСТВЕННЫЙ КООПЕРАТИВ,52,Нижегородская область,11,"Николаев, Гаянэ",A
441,"ООО ""Агроцентр""",56,Оренбургская область,12,"Владимиров, Зиновий",B
442,Трейд-Агро,57,Орловская область,13,"Гришин, Корнелий",C
443,ЗАО Колхоз Победа,31,Белгородская область,14,"Кириллов, Бронислав",B
444,БУТАКОВСКИЙ СЕЛЬСКОХОЗЯЙСТВЕННЫЙ ПРОИЗВОДСТВЕННЫЙ КООПЕРАТИВ,52,Нижегородская область,15,"Фролов, Самуил",A
445,КХ «Большое поле»,47,Ленинградская область,16,"Герасимов, Рубен",C
446,АБРАМОВО ООО,52,Нижегородская область,17,"Павлов, Леонтий",C
447,ЗАО Заря,68,Тамбовская область,18,"Игорьентьев, Тимур",C
448,Труд,59,Пермский край,19,"Данилов, Ибрагил",A
449,Астарта-Техникс,64,Саратовская область,20,"Кудряшов, Игорь",A
450,ВЕСНА ООО,52,Нижегородская область,21,"Исаков, Геннадий",A
451,БУТУРЛИНСКОЕ ЗЕРНО ООО. ТОВАРИЩЕСТВО на ВЕРЕ «НИКА»,52,Нижегородская область,22,"Кононов, Адриан",C
452,АГРОДИН ООО,52,Нижегородская область,23,"Андреев, Ибрагил",A
453,ЗУБР,71,Тульская область,24,"Исаев, Иван",B
454,"БАЙКАЛЛЕССИНТЕЗ, ООО",38,Иркутская область,25,Кондратьев Роберт,C
455,Волгофлора,34,Волгоградская область,26,"Беляев, Велорий",A
456,ВЕТЛУГА-АГРО ООО,52,Нижегородская область,27,"Михеев, Валентин",A
457,ВАДАГРО ООО,52,Нижегородская область,28,"Рогов, Артем",C
458,КФХ Пчелка,31,Белгородская область,29,"Игнатов, Лука",A
459,ВЕТОШКИНСКИЙ» СЕЛЬСКОХОЗЯЙСТВЕННЫЙ ПРОИЗВОДСТВЕННЫЙ КООПЕРАТИВ,52,Нижегородская область,30,"Казаков, Адриан",B
460,Белгородский Бекон,31,Белгородская область,31,"Князев, Исак",C
461,Пихтовское,59,Пермский край,32,"Королёв, Лука",A
462,Заря Путино,59,Пермский край,33,"Рожков, Алан",A
463,БУРЕВЕСТНИК ОАО,52,Нижегородская область,1,"Сергеев, Владимир",A
464,СХПК Березка (Щигровский район),33,Владимирская область,2,"Фёдоров, Игорь",B
465,"ООО ""Сельхозинвест""",48,Липецкая область,3,"Мышкин, Станислав",A
466,ВЕЛИКИЙ ВРАГ СЕЛЬХОЗПРЕДПРИЯТИЕ (ООО),52,Нижегородская область,4,"Гурьев, Архип",C
467,"ОАО АПО ""Дружба""",48,Липецкая область,5,"Кошелев, Яков",C
468,АГРО-НОВА ООО,52,Нижегородская область,6,"Федотов, Эльдар",A
469,ООО «Племзавод «Пушкинское»,52,Нижегородская область,7,"Калинин, Клемент",B
470,ВОЗРОЖДЕНИЕ ООО,52,Нижегородская область,8,"Федосеев, Владимир",A
471,ООО «Атемасово»,52,Нижегородская область,9,"Молчанов, Мирон",B
472,"ООО ""Агроснаб_ЛТД""",56,Оренбургская область,10,"Калашников, Ярослав",A
473,СПК «Колхоз имени Куйбышева»,52,Нижегородская область,11,"Николаев, Гаянэ",B
474,Автрострой Сельхоз Деталь,71,Тульская область,12,"Владимиров, Зиновий",A
475,Перитон,71,Тульская область,13,"Гришин, Корнелий",B
476,АО «Румянцевское»,52,Нижегородская область,14,"Кириллов, Бронислав",B
477,ВОСХОД ООО,77,Москва,15,"Фролов, Самуил",B
478,АБАИМОВСКИЙ ООО,52,Нижегородская область,16,"Герасимов, Рубен",B
479,АГРОПРОМЫШЛЕННЫЙ КОМБИНАТ ОАО,52,Нижегородская область,17,"Павлов, Леонтий",A
480,ИП Глава КФХ Князев А. В.,36,Воронежская область,18,"Игорьентьев, Тимур",A
481,"ВЛАСТЬ СОВЕТОВ, СЕЛЬСКОХОЗЯЙСТВЕННЫЙ ПРОИЗВОДСТВЕННЫЙ КООПЕРАТИВ",33,Владимирская область,19,"Данилов, Ибрагил",B
482,"СХПК ""Воловский""",48,Липецкая область,20,"Кудряшов, Игорь",C
483,"Фермер Орловская область, демо версия",50,Московская область,21,"Исаков, Геннадий",C
484,ОАО «Хреновской конный завод»,36,Воронежская область,22,"Кононов, Адриан",C
485,Агролизинг,64,Саратовская область,23,"Андреев, Ибрагил",A
486,СЗАО «Березниковское»,52,Нижегородская область,24,"Исаев, Иван",A
487,ВАЛЫ ООО,52,Нижегородская область,25,Кондратьев Роберт,B
488,СПК (колхоз) «им. К. Маркса»,52,Нижегородская область,26,"Беляев, Велорий",A
489,Дизель,71,Тульская область,27,"Михеев, Валентин",C
490,VOSKHOD GMBH,77,Москва,28,"Рогов, Артем",A
491,СКАУТ,71,Тульская область,29,"Игнатов, Лука",C
492,Колхоз Победа коммунизма,71,Тульская область,30,"Казаков, Адриан",A
493,ЛЕНИНСКИЙ ПУТЬ КОЛХОЗ,52,Нижегородская область,31,"Князев, Исак",C
494,АБАБКОВСКОЕ ЗАО,57,Орловская область,32,"Королёв, Лука",C
495,"ВАШУТИНСКОЕ, ООО",33,Владимирская область,33,"Рожков, Алан",B
496,"ПОЛЯНСКОЕ, ООО",61,Ростовская область,1,"Сергеев, Владимир",B
497,"НПК ""Русское Поле""",34,Волгоградская область,2,"Фёдоров, Игорь",C
498,Европа-Биофарм,34,Волгоградская область,3,"Мышкин, Станислав",A
499,Агротехснаб,64,Саратовская область,4,"Гурьев, Архип",C
500,Агрохолдинг Заречное,73,Ульяновская область,5,"Кошелев, Яков",C
501,ООО «Шатовка»,52,Нижегородская область,6,"Федотов, Эльдар",A
502,СПК «Лискинский»,36,Воронежская область,7,"Калинин, Клемент",C
503,АРЕФИНО ЗАО,52,Нижегородская область,8,"Федосеев, Владимир",C
504,ВЛАСТЬ СОВЕТОВ» КОЛХОЗ,52,Нижегородская область,9,"Молчанов, Мирон",A
505,Вертячинский,34,Волгоградская область,10,"Калашников, Ярослав",A
506,ООО «АРГО»,34,Волгоградская область,11,"Николаев, Гаянэ",B
507,«НПФ «Гавриш»,34,Волгоградская область,12,"Владимиров, Зиновий",A
508,Агроремторг,71,Тульская область,13,"Гришин, Корнелий",C
509,ВЕРНЫЙ ПУТЬ СЕЛЬСКОХОЗЯЙСТВЕННЫЙ ПРОИЗВОДСТВЕННЫЙ КООПЕРАТИВ,52,Нижегородская область,14,"Кириллов, Бронислав",C
510,Сады Придонья,34,Волгоградская область,15,"Фролов, Самуил",A
511,ВЕРЯКУШСКИЙ» СЕЛЬСКОХОЗЯЙСТВЕННЫЙ ПРОИЗВОДСТВЕННЫЙ КООПЕРАТИВ,52,Нижегородская область,16,"Герасимов, Рубен",C
512,"ДАВЫДОВСКОЕ, ООО",33,Владимирская область,17,"Павлов, Леонтий",A
513,Агрорезерв-СВ,56,Оренбургская область,18,"Игорьентьев, Тимур",C
514,ВАЛКОВСКИЙ СЕЛЬСКОХОЗЯЙСТВЕННЫЙ ПРОИЗВОДСТВЕННЫЙ КООПЕРАТИВ,52,Нижегородская область,19,"Данилов, Ибрагил",B
515,"ООО ""Сибирские семена""",55,Омская область,20,"Кудряшов, Игорь",C
516,АТЕМАСОВО ООО,52,Нижегородская область,21,"Исаков, Геннадий",C
517,СПК «Березники»,52,Нижегородская область,22,"Кононов, Адриан",A
518,"ОКТЯБРЬСКИЙ, СПК",36,Воронежская область,23,"Андреев, Ибрагил",A
519,"НПООО ""Подсолнечник""",34,Волгоградская область,24,"Исаев, Иван",A
520,Колхоз Заря,68,Тамбовская область,25,Кондратьев Роберт,A
521,"ООО ""Нововаршавская семеноводческая станция",55,Омская область,26,"Беляев, Велорий",C
522,ВАЧСКАЯ МАШИННО-ТРАКТОРНАЯ СТАНЦИЯ (ООО),52,Нижегородская область,27,"Михеев, Валентин",B
523,Интерпарк-Агро,64,Саратовская область,28,"Рогов, Артем",B
524,"ВЛАДИМИРСКИЕ ОВОЩИ, ООО",33,Владимирская область,29,"Игнатов, Лука",A
525,ВОСКРЕСЕНСКОЕ АГРАРНОЕ ПРЕДПРИЯТИЕ (ООО),52,Нижегородская область,30,"Казаков, Адриан",A
526,ЛПХ Заканальная,34,Волгоградская область,31,"Князев, Исак",B
527,Фермер Орловская область,57,Орловская область,32,"Королёв, Лука",A
528,АГРОПРОМЫШЛЕННОЕ ПРЕДПРИЯТИЕ ИМЕНИ КИРОВА (ОАО),52,Нижегородская область,33,"Рожков, Алан",C
529,Промагроснаб,64,Саратовская область,1,"Сергеев, Владимир",B
530,"Агротехнический центр ""Агрегат""",71,Тульская область,2,"Фёдоров, Игорь",C
531,Агродон-холдинг,62,Рязанская область,3,"Мышкин, Станислав",A
532,ВЕЛИКОВСКИЙ СЕЛЬСКОХОЗЯЙСТВЕННЫЙ ПРОИЗВОДСТВЕННЫЙ КООПЕРАТИВ,52,Нижегородская область,4,"Гурьев, Архип",B
533,МК АВИДА,31,Белгородская область,5,"Кошелев, Яков",A
534,АЗРАПИНСКИЙ СЕЛЬСКОХОЗЯЙСТВЕННЫЙ ПРОИЗВОДСТВЕННЫЙ КООПЕРАТИВ,52,Нижегородская область,6,"Федотов, Эльдар",C
535,ВОЗРОЖДЕНИЕ ОАО,52,Нижегородская область,7,"Калинин, Клемент",B
536,1 Мая СЕЛЬСКОХОЗЯЙСТВЕННЫЙ ПРОИЗВОДСТВЕННЫЙ КООПЕРАТИВ,52,Нижегородская область,8,"Федосеев, Владимир",C
537,БУТУРИНСКОЕ ЗЕРНО АГРОХОЛДИНГ,52,Нижегородская область,9,"Молчанов, Мирон",B
538,Земля,64,Саратовская область,10,"Калашников, Ярослав",C
539,ПартсОйл-АГРО,71,Тульская область,11,"Николаев, Гаянэ",A
540,Вита – 92,64,Саратовская область,12,"Владимиров, Зиновий",A
541,АПК ДОН,31,Белгородская область,13,"Гришин, Корнелий",B
542,"БЕЛЯНИЦИНО, СЕЛЬСКОХОЗЯЙСТВЕННЫЙ ПРОИЗВОДСТВЕННЫЙ КООПЕРАТИВ",33,Владимирская область,14,"Кириллов, Бронислав",A
543,ООО Верякуши (Щигровский район),52,Нижегородская область,15,"Фролов, Самуил",B
544,АГРОПРОМЫШЛЕННАЯ КОМПАНИЯ (ЗАО),52,Нижегородская область,16,"Герасимов, Рубен",C
545,СХА «Рассвет»,36,Воронежская область,17,"Павлов, Леонтий",B
546,ВЕЛЬДЕМАНОВСКОЕ ОАО,52,Нижегородская область,18,"Игорьентьев, Тимур",A
547,БУТУРЛИНСКАЯ ПТИЦЕФАБРИКА (ОАО),52,Нижегородская область,19,"Данилов, Ибрагил",C
548,ВОЛЖАНИН СЕЛЬСКОХОЗЯЙСТВЕННЫЙ ПРОИЗВОДСТВЕННЫЙ КООПЕРАТИВ,52,Нижегородская область,20,"Кудряшов, Игорь",A
549,Партнер Агро,57,Орловская область,21,"Исаков, Геннадий",B
550,Мехмаш,71,Тульская область,22,"Кононов, Адриан",B
551,"АГРОПРОМ, ЗАО",33,Владимирская область,23,"Андреев, Ибрагил",C
552,"ООО ""Переработка""",55,Омская область,24,"Исаев, Иван",A
553,Новые Агротехнологии-Саратов,64,Саратовская область,25,Кондратьев Роберт,C
554,"АБРАМОВ А.М., ИНДИВИДУАЛЬНОЕ ПРЕДПРИЯТИЕ",71,Тульская область,26,"Беляев, Велорий",B
555,СПК «Колхоз Заря»,52,Нижегородская область,27,"Михеев, Валентин",C
556,АВАНГАРД СЕЛЬСКОХОЗЯЙСТВЕННЫЙ ПРОИЗВОДСТВЕННЫЙ КООПЕРАТИВ,52,Нижегородская область,28,"Рогов, Артем",A
557,ООО «СПК «Ждановский»,52,Нижегородская область,29,"Игнатов, Лука",A
558,Энгельсское  Саратовская область Ивановский район. ИНН 65146954984,64,Саратовская область,30,"Казаков, Адриан",C
559,КОМСОМОЛЕЦ СЕЛЬСКОХОЗЯЙСТВЕННЫЙ ПРОИЗВОДСТВЕННЫЙ КООПЕРАТИВ,52,Нижегородская область,31,"Князев, Исак",C
560,ООО «Бутурлинское зерно»,52,Нижегородская область,32,"Королёв, Лука",C
561,СПК «Дубенский»,52,Нижегородская область,33,"Рожков, Алан",A
562,"КРАСНЫЙ ОКТЯБРЬ, СПК",57,Орловская область,1,"Сергеев, Владимир",A
563,Агрозапчасть-Саратов,64,Саратовская область,2,"Фёдоров, Игорь",B
564,ВОСКРЕСЕНСКИЙ» СЕЛЬСКОХОЗЯЙСТВЕННЫЙ ПРОИЗВОДСТВЕННЫЙ КООПЕРАТИВ,52,Нижегородская область,3,"Мышкин, Станислав",B
565,"ООО ""Агроцентр""",56,Оренбургская область,4,"Гурьев, Архип",C
566,Трейд-Агро,57,Орловская область,5,"Кошелев, Яков",A
567,ЗАО Колхоз Победа,31,Белгородская область,6,"Федотов, Эльдар",C
568,БУТАКОВСКИЙ СЕЛЬСКОХОЗЯЙСТВЕННЫЙ ПРОИЗВОДСТВЕННЫЙ КООПЕРАТИВ,52,Нижегородская область,7,"Калинин, Клемент",B
569,КХ «Большое поле»,47,Ленинградская область,8,"Федосеев, Владимир",C
570,АБРАМОВО ООО,52,Нижегородская область,9,"Молчанов, Мирон",B
571,ЗАО Заря,68,Тамбовская область,10,"Калашников, Ярослав",A
572,Труд,59,Пермский край,11,"Николаев, Гаянэ",C
573,Астарта-Техникс,64,Саратовская область,12,"Владимиров, Зиновий",C
574,ВЕСНА ООО,52,Нижегородская область,13,"Гришин, Корнелий",B
575,БУТУРЛИНСКОЕ ЗЕРНО ООО. ТОВАРИЩЕСТВО на ВЕРЕ «НИКА»,52,Нижегородская область,14,"Кириллов, Бронислав",A
576,АГРОДИН ООО,52,Нижегородская область,15,"Фролов, Самуил",A
577,ЗУБР,71,Тульская область,16,"Герасимов, Рубен",B
578,"БАЙКАЛЛЕССИНТЕЗ, ООО",38,Иркутская область,17,"Павлов, Леонтий",B
579,Волгофлора,34,Волгоградская область,18,"Игорьентьев, Тимур",B
580,ВЕТЛУГА-АГРО ООО,52,Нижегородская область,19,"Данилов, Ибрагил",A
581,ВАДАГРО ООО,52,Нижегородская область,20,"Кудряшов, Игорь",A
582,КФХ Пчелка,31,Белгородская область,21,"Исаков, Геннадий",A
583,ВЕТОШКИНСКИЙ» СЕЛЬСКОХОЗЯЙСТВЕННЫЙ ПРОИЗВОДСТВЕННЫЙ КООПЕРАТИВ,52,Нижегородская область,22,"Кононов, Адриан",C
584,Белгородский Бекон,31,Белгородская область,23,"Андреев, Ибрагил",A
585,Пихтовское,59,Пермский край,24,"Исаев, Иван",A
586,Заря Путино,59,Пермский край,25,Кондратьев Роберт,C
587,БУРЕВЕСТНИК ОАО,52,Нижегородская область,26,"Беляев, Велорий",A
588,СХПК Березка (Щигровский район),33,Владимирская область,27,"Михеев, Валентин",A
589,"ООО ""Сельхозинвест""",48,Липецкая область,28,"Рогов, Артем",A
590,ВЕЛИКИЙ ВРАГ СЕЛЬХОЗПРЕДПРИЯТИЕ (ООО),52,Нижегородская область,29,"Игнатов, Лука",A
591,"ОАО АПО ""Дружба""",48,Липецкая область,30,"Казаков, Адриан",C
592,АГРО-НОВА ООО,52,Нижегородская область,31,"Князев, Исак",C
593,ООО «Племзавод «Пушкинское»,52,Нижегородская область,32,"Королёв, Лука",B
594,ВОЗРОЖДЕНИЕ ООО,52,Нижегородская область,33,"Рожков, Алан",A
595,ООО «Атемасово»,52,Нижегородская область,1,"Сергеев, Владимир",C
596,"ООО ""Агроснаб_ЛТД""",56,Оренбургская область,2,"Фёдоров, Игорь",B
597,СПК «Колхоз имени Куйбышева»,52,Нижегородская область,3,"Мышкин, Станислав",C
598,Автрострой Сельхоз Деталь,71,Тульская область,4,"Гурьев, Архип",A
599,Перитон,71,Тульская область,5,"Кошелев, Яков",C
600,АО «Румянцевское»,52,Нижегородская область,6,"Федотов, Эльдар",A
601,ВОСХОД ООО,77,Москва,7,"Калинин, Клемент",A
602,АБАИМОВСКИЙ ООО,52,Нижегородская область,8,"Федосеев, Владимир",B
603,АГРОПРОМЫШЛЕННЫЙ КОМБИНАТ ОАО,52,Нижегородская область,9,"Молчанов, Мирон",B
604,ИП Глава КФХ Князев А. В.,36,Воронежская область,10,"Калашников, Ярослав",B
605,"ВЛАСТЬ СОВЕТОВ, СЕЛЬСКОХОЗЯЙСТВЕННЫЙ ПРОИЗВОДСТВЕННЫЙ КООПЕРАТИВ",33,Владимирская область,11,"Николаев, Гаянэ",B
606,"СХПК ""Воловский""",48,Липецкая область,12,"Владимиров, Зиновий",A
607,"Фермер Орловская область, демо версия",50,Московская область,13,"Гришин, Корнелий",C
608,ОАО «Хреновской конный завод»,36,Воронежская область,14,"Кириллов, Бронислав",C
609,Агролизинг,64,Саратовская область,15,"Фролов, Самуил",C
610,СЗАО «Березниковское»,52,Нижегородская область,16,"Герасимов, Рубен",C
611,ВАЛЫ ООО,52,Нижегородская область,17,"Павлов, Леонтий",B
612,СПК (колхоз) «им. К. Маркса»,52,Нижегородская область,18,"Игорьентьев, Тимур",C
613,Дизель,71,Тульская область,19,"Данилов, Ибрагил",A
614,VOSKHOD GMBH,77,Москва,20,"Кудряшов, Игорь",B
615,СКАУТ,71,Тульская область,21,"Исаков, Геннадий",B
616,Колхоз Победа коммунизма,71,Тульская область,22,"Кононов, Адриан",A
617,ЛЕНИНСКИЙ ПУТЬ КОЛХОЗ,52,Нижегородская область,23,"Андреев, Ибрагил",C
618,АБАБКОВСКОЕ ЗАО,57,Орловская область,24,"Исаев, Иван",B
619,"ВАШУТИНСКОЕ, ООО",33,Владимирская область,25,Кондратьев Роберт,A
620,"ПОЛЯНСКОЕ, ООО",61,Ростовская область,26,"Беляев, Велорий",C
621,"НПК ""Русское Поле""",34,Волгоградская область,27,"Михеев, Валентин",B
622,Европа-Биофарм,34,Волгоградская область,28,"Рогов, Артем",A
623,Агротехснаб,64,Саратовская область,29,"Игнатов, Лука",C
624,Агрохолдинг Заречное,73,Ульяновская область,30,"Казаков, Адриан",C
625,ООО «Шатовка»,52,Нижегородская область,31,"Князев, Исак",B
626,СПК «Лискинский»,36,Воронежская область,32,"Королёв, Лука",B
627,АРЕФИНО ЗАО,52,Нижегородская область,33,"Рожков, Алан",A
628,ВЛАСТЬ СОВЕТОВ» КОЛХОЗ,52,Нижегородская область,1,"Сергеев, Владимир",C
629,Вертячинский,34,Волгоградская область,2,"Фёдоров, Игорь",A
630,ООО «АРГО»,34,Волгоградская область,3,"Мышкин, Станислав",B
631,«НПФ «Гавриш»,34,Волгоградская область,4,"Гурьев, Архип",A
632,Агроремторг,71,Тульская область,5,"Кошелев, Яков",B
633,ВЕРНЫЙ ПУТЬ СЕЛЬСКОХОЗЯЙСТВЕННЫЙ ПРОИЗВОДСТВЕННЫЙ КООПЕРАТИВ,52,Нижегородская область,6,"Федотов, Эльдар",B
634,Сады Придонья,34,Волгоградская область,7,"Калинин, Клемент",C
635,ВЕРЯКУШСКИЙ» СЕЛЬСКОХОЗЯЙСТВЕННЫЙ ПРОИЗВОДСТВЕННЫЙ КООПЕРАТИВ,52,Нижегородская область,8,"Федосеев, Владимир",C
636,"ДАВЫДОВСКОЕ, ООО",33,Владимирская область,9,"Молчанов, Мирон",B
637,Агрорезерв-СВ,56,Оренбургская область,10,"Калашников, Ярослав",C
638,ВАЛКОВСКИЙ СЕЛЬСКОХОЗЯЙСТВЕННЫЙ ПРОИЗВОДСТВЕННЫЙ КООПЕРАТИВ,52,Нижегородская область,11,"Николаев, Гаянэ",B
639,"ООО ""Сибирские семена""",55,Омская область,12,"Владимиров, Зиновий",C
640,АТЕМАСОВО ООО,52,Нижегородская область,13,"Гришин, Корнелий",C
641,СПК «Березники»,52,Нижегородская область,14,"Кириллов, Бронислав",B
642,"ОКТЯБРЬСКИЙ, СПК",36,Воронежская область,15,"Фролов, Самуил",B
643,"НПООО ""Подсолнечник""",34,Волгоградская область,16,"Герасимов, Рубен",B
644,Колхоз Заря,68,Тамбовская область,17,"Павлов, Леонтий",A
645,"ООО ""Нововаршавская семеноводческая станция",55,Омская область,18,"Игорьентьев, Тимур",B
646,ВАЧСКАЯ МАШИННО-ТРАКТОРНАЯ СТАНЦИЯ (ООО),52,Нижегородская область,19,"Данилов, Ибрагил",B
647,Интерпарк-Агро,64,Саратовская область,20,"Кудряшов, Игорь",B
648,"ВЛАДИМИРСКИЕ ОВОЩИ, ООО",33,Владимирская область,21,"Исаков, Геннадий",C
649,ВОСКРЕСЕНСКОЕ АГРАРНОЕ ПРЕДПРИЯТИЕ (ООО),52,Нижегородская область,22,"Кононов, Адриан",C
650,ЛПХ Заканальная,34,Волгоградская область,23,"Андреев, Ибрагил",A
651,Фермер Орловская область,57,Орловская область,24,"Исаев, Иван",C
652,АГРОПРОМЫШЛЕННОЕ ПРЕДПРИЯТИЕ ИМЕНИ КИРОВА (ОАО),52,Нижегородская область,25,Кондратьев Роберт,A
653,Промагроснаб,64,Саратовская область,26,"Беляев, Велорий",A
654,"Агротехнический центр ""Агрегат""",71,Тульская область,27,"Михеев, Валентин",B
655,Агродон-холдинг,62,Рязанская область,28,"Рогов, Артем",A
656,ВЕЛИКОВСКИЙ СЕЛЬСКОХОЗЯЙСТВЕННЫЙ ПРОИЗВОДСТВЕННЫЙ КООПЕРАТИВ,52,Нижегородская область,29,"Игнатов, Лука",A
657,МК АВИДА,31,Белгородская область,30,"Казаков, Адриан",C
658,АЗРАПИНСКИЙ СЕЛЬСКОХОЗЯЙСТВЕННЫЙ ПРОИЗВОДСТВЕННЫЙ КООПЕРАТИВ,52,Нижегородская область,31,"Князев, Исак",B
659,ВОЗРОЖДЕНИЕ ОАО,52,Нижегородская область,32,"Королёв, Лука",B
660,1 Мая СЕЛЬСКОХОЗЯЙСТВЕННЫЙ ПРОИЗВОДСТВЕННЫЙ КООПЕРАТИВ,52,Нижегородская область,33,"Рожков, Алан",C
661,БУТУРИНСКОЕ ЗЕРНО АГРОХОЛДИНГ,52,Нижегородская область,1,"Сергеев, Владимир",A
662,Земля,64,Саратовская область,2,"Фёдоров, Игорь",C
663,ПартсОйл-АГРО,71,Тульская область,3,"Мышкин, Станислав",C
664,Вита – 92,64,Саратовская область,4,"Гурьев, Архип",A
665,АПК ДОН,31,Белгородская область,5,"Кошелев, Яков",B
666,"БЕЛЯНИЦИНО, СЕЛЬСКОХОЗЯЙСТВЕННЫЙ ПРОИЗВОДСТВЕННЫЙ КООПЕРАТИВ",33,Владимирская область,6,"Федотов, Эльдар",A
667,ООО Верякуши (Щигровский район),52,Нижегородская область,7,"Калинин, Клемент",C
668,АГРОПРОМЫШЛЕННАЯ КОМПАНИЯ (ЗАО),52,Нижегородская область,8,"Федосеев, Владимир",B
669,СХА «Рассвет»,36,Воронежская область,9,"Молчанов, Мирон",A
670,ВЕЛЬДЕМАНОВСКОЕ ОАО,52,Нижегородская область,10,"Калашников, Ярослав",C
671,БУТУРЛИНСКАЯ ПТИЦЕФАБРИКА (ОАО),52,Нижегородская область,11,"Николаев, Гаянэ",A
672,ВОЛЖАНИН СЕЛЬСКОХОЗЯЙСТВЕННЫЙ ПРОИЗВОДСТВЕННЫЙ КООПЕРАТИВ,52,Нижегородская область,12,"Владимиров, Зиновий",A
673,Партнер Агро,57,Орловская область,13,"Гришин, Корнелий",C
674,Мехмаш,71,Тульская область,14,"Кириллов, Бронислав",B
675,"АГРОПРОМ, ЗАО",33,Владимирская область,15,"Фролов, Самуил",A
676,"ООО ""Переработка""",55,Омская область,16,"Герасимов, Рубен",C
677,Новые Агротехнологии-Саратов,64,Саратовская область,17,"Павлов, Леонтий",B
678,"АБРАМОВ А.М., ИНДИВИДУАЛЬНОЕ ПРЕДПРИЯТИЕ",71,Тульская область,18,"Игорьентьев, Тимур",C
679,СПК «Колхоз Заря»,52,Нижегородская область,19,"Данилов, Ибрагил",A
680,АВАНГАРД СЕЛЬСКОХОЗЯЙСТВЕННЫЙ ПРОИЗВОДСТВЕННЫЙ КООПЕРАТИВ,52,Нижегородская область,20,"Кудряшов, Игорь",B
681,ООО «СПК «Ждановский»,52,Нижегородская область,21,"Исаков, Геннадий",C
682,Энгельсское  Саратовская область Ивановский район. ИНН 65146954984,64,Саратовская область,22,"Кононов, Адриан",B
683,КОМСОМОЛЕЦ СЕЛЬСКОХОЗЯЙСТВЕННЫЙ ПРОИЗВОДСТВЕННЫЙ КООПЕРАТИВ,52,Нижегородская область,23,"Андреев, Ибрагил",B
684,ООО «Бутурлинское зерно»,52,Нижегородская область,24,"Исаев, Иван",C
685,СПК «Дубенский»,52,Нижегородская область,25,Кондратьев Роберт,C
686,"КРАСНЫЙ ОКТЯБРЬ, СПК",57,Орловская область,26,"Беляев, Велорий",C
687,Агрозапчасть-Саратов,64,Саратовская область,27,"Михеев, Валентин",B
688,ВОСКРЕСЕНСКИЙ» СЕЛЬСКОХОЗЯЙСТВЕННЫЙ ПРОИЗВОДСТВЕННЫЙ КООПЕРАТИВ,52,Нижегородская область,28,"Рогов, Артем",C
689,"ООО ""Агроцентр""",56,Оренбургская область,29,"Игнатов, Лука",C
690,Трейд-Агро,57,Орловская область,30,"Казаков, Адриан",C
691,ЗАО Колхоз Победа,31,Белгородская область,31,"Князев, Исак",B
692,БУТАКОВСКИЙ СЕЛЬСКОХОЗЯЙСТВЕННЫЙ ПРОИЗВОДСТВЕННЫЙ КООПЕРАТИВ,52,Нижегородская область,32,"Королёв, Лука",C
693,КХ «Большое поле»,47,Ленинградская область,33,"Рожков, Алан",B
694,АБРАМОВО ООО,52,Нижегородская область,1,"Сергеев, Владимир",A
695,ЗАО Заря,68,Тамбовская область,2,"Фёдоров, Игорь",A
696,Труд,59,Пермский край,3,"Мышкин, Станислав",A
697,Астарта-Техникс,64,Саратовская область,4,"Гурьев, Архип",C
698,ВЕСНА ООО,52,Нижегородская область,5,"Кошелев, Яков",B
699,БУТУРЛИНСКОЕ ЗЕРНО ООО. ТОВАРИЩЕСТВО на ВЕРЕ «НИКА»,52,Нижегородская область,6,"Федотов, Эльдар",B
700,АГРОДИН ООО,52,Нижегородская область,7,"Калинин, Клемент",B
701,ЗУБР,71,Тульская область,8,"Федосеев, Владимир",C
702,"БАЙКАЛЛЕССИНТЕЗ, ООО",38,Иркутская область,9,"Молчанов, Мирон",B
703,Волгофлора,34,Волгоградская область,10,"Калашников, Ярослав",C
704,ВЕТЛУГА-АГРО ООО,52,Нижегородская область,11,"Николаев, Гаянэ",B
705,ВАДАГРО ООО,52,Нижегородская область,12,"Владимиров, Зиновий",B
706,КФХ Пчелка,31,Белгородская область,13,"Гришин, Корнелий",A
707,ВЕТОШКИНСКИЙ» СЕЛЬСКОХОЗЯЙСТВЕННЫЙ ПРОИЗВОДСТВЕННЫЙ КООПЕРАТИВ,52,Нижегородская область,14,"Кириллов, Бронислав",C
708,Белгородский Бекон,31,Белгородская область,15,"Фролов, Самуил",B
709,Пихтовское,59,Пермский край,16,"Герасимов, Рубен",A
710,Заря Путино,59,Пермский край,17,"Павлов, Леонтий",A
711,БУРЕВЕСТНИК ОАО,52,Нижегородская область,18,"Игорьентьев, Тимур",A
712,СХПК Березка (Щигровский район),33,Владимирская область,19,"Данилов, Ибрагил",A
713,"ООО ""Сельхозинвест""",48,Липецкая область,20,"Кудряшов, Игорь",B
714,ВЕЛИКИЙ ВРАГ СЕЛЬХОЗПРЕДПРИЯТИЕ (ООО),52,Нижегородская область,21,"Исаков, Геннадий",B
715,"ОАО АПО ""Дружба""",48,Липецкая область,22,"Кононов, Адриан",C
716,АГРО-НОВА ООО,52,Нижегородская область,23,"Андреев, Ибрагил",A
717,ООО «Племзавод «Пушкинское»,52,Нижегородская область,24,"Исаев, Иван",B
718,ВОЗРОЖДЕНИЕ ООО,52,Нижегородская область,25,Кондратьев Роберт,A
719,ООО «Атемасово»,52,Нижегородская область,26,"Беляев, Велорий",C
720,"ООО ""Агроснаб_ЛТД""",56,Оренбургская область,27,"Михеев, Валентин",C
721,СПК «Колхоз имени Куйбышева»,52,Нижегородская область,28,"Рогов, Артем",B
722,Автрострой Сельхоз Деталь,71,Тульская область,29,"Игнатов, Лука",B
723,Перитон,71,Тульская область,30,"Казаков, Адриан",C
724,АО «Румянцевское»,52,Нижегородская область,31,"Князев, Исак",C
725,ВОСХОД ООО,77,Москва,32,"Королёв, Лука",B
726,АБАИМОВСКИЙ ООО,52,Нижегородская область,33,"Рожков, Алан",A
727,АГРОПРОМЫШЛЕННЫЙ КОМБИНАТ ОАО,52,Нижегородская область,1,"Сергеев, Владимир",B
728,ИП Глава КФХ Князев А. В.,36,Воронежская область,2,"Фёдоров, Игорь",A
729,"ВЛАСТЬ СОВЕТОВ, СЕЛЬСКОХОЗЯЙСТВЕННЫЙ ПРОИЗВОДСТВЕННЫЙ КООПЕРАТИВ",33,Владимирская область,3,"Мышкин, Станислав",A
730,"СХПК ""Воловский""",48,Липецкая область,4,"Гурьев, Архип",B
731,"Фермер Орловская область, демо версия",50,Московская область,5,"Кошелев, Яков",B
732,ОАО «Хреновской конный завод»,36,Воронежская область,6,"Федотов, Эльдар",A
733,Агролизинг,64,Саратовская область,7,"Калинин, Клемент",B
734,СЗАО «Березниковское»,52,Нижегородская область,8,"Федосеев, Владимир",A
735,ВАЛЫ ООО,52,Нижегородская область,9,"Молчанов, Мирон",A
736,СПК (колхоз) «им. К. Маркса»,52,Нижегородская область,10,"Калашников, Ярослав",B
737,Дизель,71,Тульская область,11,"Николаев, Гаянэ",A
738,VOSKHOD GMBH,77,Москва,12,"Владимиров, Зиновий",A
739,СКАУТ,71,Тульская область,13,"Гришин, Корнелий",C
740,Колхоз Победа коммунизма,71,Тульская область,14,"Кириллов, Бронислав",A
741,ЛЕНИНСКИЙ ПУТЬ КОЛХОЗ,52,Нижегородская область,15,"Фролов, Самуил",A
742,АБАБКОВСКОЕ ЗАО,57,Орловская область,16,"Герасимов, Рубен",B
743,"ВАШУТИНСКОЕ, ООО",33,Владимирская область,17,"Павлов, Леонтий",B
744,"ПОЛЯНСКОЕ, ООО",61,Ростовская область,18,"Игорьентьев, Тимур",A
745,"НПК ""Русское Поле""",34,Волгоградская область,19,"Данилов, Ибрагил",C
746,Европа-Биофарм,34,Волгоградская область,20,"Кудряшов, Игорь",B
747,Агротехснаб,64,Саратовская область,21,"Исаков, Геннадий",A
748,Агрохолдинг Заречное,73,Ульяновская область,22,"Кононов, Адриан",B
749,ООО «Шатовка»,52,Нижегородская область,23,"Андреев, Ибрагил",B
750,СПК «Лискинский»,36,Воронежская область,24,"Исаев, Иван",C
751,АРЕФИНО ЗАО,52,Нижегородская область,25,Кондратьев Роберт,C
752,ВЛАСТЬ СОВЕТОВ» КОЛХОЗ,52,Нижегородская область,26,"Беляев, Велорий",A
753,Вертячинский,34,Волгоградская область,27,"Михеев, Валентин",B
754,ООО «АРГО»,34,Волгоградская область,28,"Рогов, Артем",A
755,«НПФ «Гавриш»,34,Волгоградская область,29,"Игнатов, Лука",C
756,Агроремторг,71,Тульская область,30,"Казаков, Адриан",A
757,ВЕРНЫЙ ПУТЬ СЕЛЬСКОХОЗЯЙСТВЕННЫЙ ПРОИЗВОДСТВЕННЫЙ КООПЕРАТИВ,52,Нижегородская область,31,"Князев, Исак",C
758,Сады Придонья,34,Волгоградская область,32,"Королёв, Лука",A
759,ВЕРЯКУШСКИЙ» СЕЛЬСКОХОЗЯЙСТВЕННЫЙ ПРОИЗВОДСТВЕННЫЙ КООПЕРАТИВ,52,Нижегородская область,33,"Рожков, Алан",C
760,"ДАВЫДОВСКОЕ, ООО",33,Владимирская область,1,"Сергеев, Владимир",A
761,Агрорезерв-СВ,56,Оренбургская область,2,"Фёдоров, Игорь",C
762,ВАЛКОВСКИЙ СЕЛЬСКОХОЗЯЙСТВЕННЫЙ ПРОИЗВОДСТВЕННЫЙ КООПЕРАТИВ,52,Нижегородская область,3,"Мышкин, Станислав",C
763,"ООО ""Сибирские семена""",55,Омская область,4,"Гурьев, Архип",B
764,АТЕМАСОВО ООО,52,Нижегородская область,5,"Кошелев, Яков",B
765,СПК «Березники»,52,Нижегородская область,6,"Федотов, Эльдар",B
766,"ОКТЯБРЬСКИЙ, СПК",36,Воронежская область,7,"Калинин, Клемент",A
767,"НПООО ""Подсолнечник""",34,Волгоградская область,8,"Федосеев, Владимир",C
768,Колхоз Заря,68,Тамбовская область,9,"Молчанов, Мирон",A
769,"ООО ""Нововаршавская семеноводческая станция",55,Омская область,10,"Калашников, Ярослав",A
770,ВАЧСКАЯ МАШИННО-ТРАКТОРНАЯ СТАНЦИЯ (ООО),52,Нижегородская область,11,"Николаев, Гаянэ",A
771,Интерпарк-Агро,64,Саратовская область,12,"Владимиров, Зиновий",C
772,"ВЛАДИМИРСКИЕ ОВОЩИ, ООО",33,Владимирская область,13,"Гришин, Корнелий",B
773,ВОСКРЕСЕНСКОЕ АГРАРНОЕ ПРЕДПРИЯТИЕ (ООО),52,Нижегородская область,14,"Кириллов, Бронислав",C
774,ЛПХ Заканальная,34,Волгоградская область,15,"Фролов, Самуил",A
775,Фермер Орловская область,57,Орловская область,16,"Герасимов, Рубен",B
776,АГРОПРОМЫШЛЕННОЕ ПРЕДПРИЯТИЕ ИМЕНИ КИРОВА (ОАО),52,Нижегородская область,17,"Павлов, Леонтий",A
777,Промагроснаб,64,Саратовская область,18,"Игорьентьев, Тимур",A
778,"Агротехнический центр ""Агрегат""",71,Тульская область,19,"Данилов, Ибрагил",C
779,Агродон-холдинг,62,Рязанская область,20,"Кудряшов, Игорь",B
780,ВЕЛИКОВСКИЙ СЕЛЬСКОХОЗЯЙСТВЕННЫЙ ПРОИЗВОДСТВЕННЫЙ КООПЕРАТИВ,52,Нижегородская область,21,"Исаков, Геннадий",C
781,МК АВИДА,31,Белгородская область,22,"Кононов, Адриан",C
782,АЗРАПИНСКИЙ СЕЛЬСКОХОЗЯЙСТВЕННЫЙ ПРОИЗВОДСТВЕННЫЙ КООПЕРАТИВ,52,Нижегородская область,23,"Андреев, Ибрагил",C
783,ВОЗРОЖДЕНИЕ ОАО,52,Нижегородская область,24,"Исаев, Иван",A
784,1 Мая СЕЛЬСКОХОЗЯЙСТВЕННЫЙ ПРОИЗВОДСТВЕННЫЙ КООПЕРАТИВ,52,Нижегородская область,25,Кондратьев Роберт,A
785,БУТУРИНСКОЕ ЗЕРНО АГРОХОЛДИНГ,52,Нижегородская область,26,"Беляев, Велорий",B
786,Земля,64,Саратовская область,27,"Михеев, Валентин",B
787,ПартсОйл-АГРО,71,Тульская область,28,"Рогов, Артем",B
788,Вита – 92,64,Саратовская область,29,"Игнатов, Лука",A
789,АПК ДОН,31,Белгородская область,30,"Казаков, Адриан",B
790,"БЕЛЯНИЦИНО, СЕЛЬСКОХОЗЯЙСТВЕННЫЙ ПРОИЗВОДСТВЕННЫЙ КООПЕРАТИВ",33,Владимирская область,31,"Князев, Исак",B
791,ООО Верякуши (Щигровский район),52,Нижегородская область,32,"Королёв, Лука",B
792,АГРОПРОМЫШЛЕННАЯ КОМПАНИЯ (ЗАО),52,Нижегородская область,33,"Рожков, Алан",B
793,СХА «Рассвет»,36,Воронежская область,1,"Сергеев, Владимир",B
794,ВЕЛЬДЕМАНОВСКОЕ ОАО,52,Нижегородская область,2,"Фёдоров, Игорь",A
795,БУТУРЛИНСКАЯ ПТИЦЕФАБРИКА (ОАО),52,Нижегородская область,3,"Мышкин, Станислав",A
796,ВОЛЖАНИН СЕЛЬСКОХОЗЯЙСТВЕННЫЙ ПРОИЗВОДСТВЕННЫЙ КООПЕРАТИВ,52,Нижегородская область,4,"Гурьев, Архип",A
797,Партнер Агро,57,Орловская область,5,"Кошелев, Яков",B
798,Мехмаш,71,Тульская область,6,"Федотов, Эльдар",A
799,"АГРОПРОМ, ЗАО",33,Владимирская область,7,"Калинин, Клемент",A
800,"ООО ""Переработка""",55,Омская область,8,"Федосеев, Владимир",C
801,Новые Агротехнологии-Саратов,64,Саратовская область,9,"Молчанов, Мирон",B
802,"АБРАМОВ А.М., ИНДИВИДУАЛЬНОЕ ПРЕДПРИЯТИЕ",71,Тульская область,10,"Калашников, Ярослав",A
803,СПК «Колхоз Заря»,52,Нижегородская область,11,"Николаев, Гаянэ",C
804,АВАНГАРД СЕЛЬСКОХОЗЯЙСТВЕННЫЙ ПРОИЗВОДСТВЕННЫЙ КООПЕРАТИВ,52,Нижегородская область,12,"Владимиров, Зиновий",B
805,ООО «СПК «Ждановский»,52,Нижегородская область,13,"Гришин, Корнелий",B
806,Энгельсское  Саратовская область Ивановский район. ИНН 65146954984,64,Саратовская область,14,"Кириллов, Бронислав",B
807,КОМСОМОЛЕЦ СЕЛЬСКОХОЗЯЙСТВЕННЫЙ ПРОИЗВОДСТВЕННЫЙ КООПЕРАТИВ,52,Нижегородская область,15,"Фролов, Самуил",B
808,ООО «Бутурлинское зерно»,52,Нижегородская область,16,"Герасимов, Рубен",C
809,СПК «Дубенский»,52,Нижегородская область,17,"Павлов, Леонтий",B
810,"КРАСНЫЙ ОКТЯБРЬ, СПК",57,Орловская область,18,"Игорьентьев, Тимур",B
811,Агрозапчасть-Саратов,64,Саратовская область,19,"Данилов, Ибрагил",A
812,ВОСКРЕСЕНСКИЙ» СЕЛЬСКОХОЗЯЙСТВЕННЫЙ ПРОИЗВОДСТВЕННЫЙ КООПЕРАТИВ,52,Нижегородская область,20,"Кудряшов, Игорь",B
813,"ООО ""Агроцентр""",56,Оренбургская область,21,"Исаков, Геннадий",A
814,Трейд-Агро,57,Орловская область,22,"Кононов, Адриан",C
815,ЗАО Колхоз Победа,31,Белгородская область,23,"Андреев, Ибрагил",C
816,БУТАКОВСКИЙ СЕЛЬСКОХОЗЯЙСТВЕННЫЙ ПРОИЗВОДСТВЕННЫЙ КООПЕРАТИВ,52,Нижегородская область,24,"Исаев, Иван",A
817,КХ «Большое поле»,47,Ленинградская область,25,Кондратьев Роберт,B
818,АБРАМОВО ООО,52,Нижегородская область,26,"Беляев, Велорий",A
819,ЗАО Заря,68,Тамбовская область,27,"Михеев, Валентин",A
820,Труд,59,Пермский край,28,"Рогов, Артем",C
821,Астарта-Техникс,64,Саратовская область,29,"Игнатов, Лука",B
822,ВЕСНА ООО,52,Нижегородская область,30,"Казаков, Адриан",C
823,БУТУРЛИНСКОЕ ЗЕРНО ООО. ТОВАРИЩЕСТВО на ВЕРЕ «НИКА»,52,Нижегородская область,31,"Князев, Исак",B
824,АГРОДИН ООО,52,Нижегородская область,32,"Королёв, Лука",B
825,ЗУБР,71,Тульская область,33,"Рожков, Алан",C
826,"БАЙКАЛЛЕССИНТЕЗ, ООО",38,Иркутская область,1,"Сергеев, Владимир",C
827,Волгофлора,34,Волгоградская область,2,"Фёдоров, Игорь",C
828,ВЕТЛУГА-АГРО ООО,52,Нижегородская область,3,"Мышкин, Станислав",A
829,ВАДАГРО ООО,52,Нижегородская область,4,"Гурьев, Архип",A
830,КФХ Пчелка,31,Белгородская область,5,"Кошелев, Яков",C
831,ВЕТОШКИНСКИЙ» СЕЛЬСКОХОЗЯЙСТВЕННЫЙ ПРОИЗВОДСТВЕННЫЙ КООПЕРАТИВ,52,Нижегородская область,6,"Федотов, Эльдар",B
832,Белгородский Бекон,31,Белгородская область,7,"Калинин, Клемент",C
833,Пихтовское,59,Пермский край,8,"Федосеев, Владимир",C
834,Заря Путино,59,Пермский край,9,"Молчанов, Мирон",C
835,БУРЕВЕСТНИК ОАО,52,Нижегородская область,10,"Калашников, Ярослав",C
836,СХПК Березка (Щигровский район),33,Владимирская область,11,"Николаев, Гаянэ",A
837,"ООО ""Сельхозинвест""",48,Липецкая область,12,"Владимиров, Зиновий",C
838,ВЕЛИКИЙ ВРАГ СЕЛЬХОЗПРЕДПРИЯТИЕ (ООО),52,Нижегородская область,13,"Гришин, Корнелий",B
839,"ОАО АПО ""Дружба""",48,Липецкая область,14,"Кириллов, Бронислав",A
840,АГРО-НОВА ООО,52,Нижегородская область,15,"Фролов, Самуил",A
841,ООО «Племзавод «Пушкинское»,52,Нижегородская область,16,"Герасимов, Рубен",A
842,ВОЗРОЖДЕНИЕ ООО,52,Нижегородская область,17,"Павлов, Леонтий",A
843,ООО «Атемасово»,52,Нижегородская область,18,"Игорьентьев, Тимур",C
844,"ООО ""Агроснаб_ЛТД""",56,Оренбургская область,19,"Данилов, Ибрагил",A
845,СПК «Колхоз имени Куйбышева»,52,Нижегородская область,20,"Кудряшов, Игорь",A
846,Автрострой Сельхоз Деталь,71,Тульская область,21,"Исаков, Геннадий",C
847,Перитон,71,Тульская область,22,"Кононов, Адриан",A
848,АО «Румянцевское»,52,Нижегородская область,23,"Андреев, Ибрагил",A
849,ВОСХОД ООО,77,Москва,24,"Исаев, Иван",A
850,АБАИМОВСКИЙ ООО,52,Нижегородская область,25,Кондратьев Роберт,B
851,АГРОПРОМЫШЛЕННЫЙ КОМБИНАТ ОАО,52,Нижегородская область,26,"Беляев, Велорий",A
852,ИП Глава КФХ Князев А. В.,36,Воронежская область,27,"Михеев, Валентин",C
853,"ВЛАСТЬ СОВЕТОВ, СЕЛЬСКОХОЗЯЙСТВЕННЫЙ ПРОИЗВОДСТВЕННЫЙ КООПЕРАТИВ",33,Владимирская область,28,"Рогов, Артем",C
854,"СХПК ""Воловский""",48,Липецкая область,29,"Игнатов, Лука",C
855,"Фермер Орловская область, демо версия",50,Московская область,30,"Казаков, Адриан",C
856,ОАО «Хреновской конный завод»,36,Воронежская область,31,"Князев, Исак",A
857,Агролизинг,64,Саратовская область,32,"Королёв, Лука",C
858,СЗАО «Березниковское»,52,Нижегородская область,33,"Рожков, Алан",B
859,ВАЛЫ ООО,52,Нижегородская область,1,"Сергеев, Владимир",C
860,СПК (колхоз) «им. К. Маркса»,52,Нижегородская область,2,"Фёдоров, Игорь",B
861,Дизель,71,Тульская область,3,"Мышкин, Станислав",B
862,VOSKHOD GMBH,77,Москва,4,"Гурьев, Архип",A
863,СКАУТ,71,Тульская область,5,"Кошелев, Яков",C
864,Колхоз Победа коммунизма,71,Тульская область,6,"Федотов, Эльдар",C
865,ЛЕНИНСКИЙ ПУТЬ КОЛХОЗ,52,Нижегородская область,7,"Калинин, Клемент",A
866,АБАБКОВСКОЕ ЗАО,57,Орловская область,8,"Федосеев, Владимир",B
867,"ВАШУТИНСКОЕ, ООО",33,Владимирская область,9,"Молчанов, Мирон",B
868,"ПОЛЯНСКОЕ, ООО",61,Ростовская область,10,"Калашников, Ярослав",C
869,"НПК ""Русское Поле""",34,Волгоградская область,11,"Николаев, Гаянэ",B
870,Европа-Биофарм,34,Волгоградская область,12,"Владимиров, Зиновий",C
871,Агротехснаб,64,Саратовская область,13,"Гришин, Корнелий",C
872,Агрохолдинг Заречное,73,Ульяновская область,14,"Кириллов, Бронислав",A
873,ООО «Шатовка»,52,Нижегородская область,15,"Фролов, Самуил",A
874,СПК «Лискинский»,36,Воронежская область,16,"Герасимов, Рубен",C
875,АРЕФИНО ЗАО,52,Нижегородская область,17,"Павлов, Леонтий",B
876,ВЛАСТЬ СОВЕТОВ» КОЛХОЗ,52,Нижегородская область,18,"Игорьентьев, Тимур",A
877,Вертячинский,34,Волгоградская область,19,"Данилов, Ибрагил",B
878,ООО «АРГО»,34,Волгоградская область,20,"Кудряшов, Игорь",B
879,«НПФ «Гавриш»,34,Волгоградская область,21,"Исаков, Геннадий",B
880,Агроремторг,71,Тульская область,22,"Кононов, Адриан",A
881,ВЕРНЫЙ ПУТЬ СЕЛЬСКОХОЗЯЙСТВЕННЫЙ ПРОИЗВОДСТВЕННЫЙ КООПЕРАТИВ,52,Нижегородская область,23,"Андреев, Ибрагил",B
882,Сады Придонья,34,Волгоградская область,24,"Исаев, Иван",C
883,ВЕРЯКУШСКИЙ» СЕЛЬСКОХОЗЯЙСТВЕННЫЙ ПРОИЗВОДСТВЕННЫЙ КООПЕРАТИВ,52,Нижегородская область,25,Кондратьев Роберт,A
884,"ДАВЫДОВСКОЕ, ООО",33,Владимирская область,26,"Беляев, Велорий",C
885,Агрорезерв-СВ,56,Оренбургская область,27,"Михеев, Валентин",A
886,ВАЛКОВСКИЙ СЕЛЬСКОХОЗЯЙСТВЕННЫЙ ПРОИЗВОДСТВЕННЫЙ КООПЕРАТИВ,52,Нижегородская область,28,"Рогов, Артем",B
887,"ООО ""Сибирские семена""",55,Омская область,29,"Игнатов, Лука",C
888,АТЕМАСОВО ООО,52,Нижегородская область,30,"Казаков, Адриан",C
889,СПК «Березники»,52,Нижегородская область,31,"Князев, Исак",A
890,"ОКТЯБРЬСКИЙ, СПК",36,Воронежская область,32,"Королёв, Лука",B
891,"НПООО ""Подсолнечник""",34,Волгоградская область,33,"Рожков, Алан",B
892,Колхоз Заря,68,Тамбовская область,1,"Сергеев, Владимир",A
893,"ООО ""Нововаршавская семеноводческая станция",55,Омская область,2,"Фёдоров, Игорь",A
894,ВАЧСКАЯ МАШИННО-ТРАКТОРНАЯ СТАНЦИЯ (ООО),52,Нижегородская область,3,"Мышкин, Станислав",C
895,Интерпарк-Агро,64,Саратовская область,4,"Гурьев, Архип",A
896,"ВЛАДИМИРСКИЕ ОВОЩИ, ООО",33,Владимирская область,5,"Кошелев, Яков",A
897,ВОСКРЕСЕНСКОЕ АГРАРНОЕ ПРЕДПРИЯТИЕ (ООО),52,Нижегородская область,6,"Федотов, Эльдар",A
898,ЛПХ Заканальная,34,Волгоградская область,7,"Калинин, Клемент",B
899,Фермер Орловская область,57,Орловская область,8,"Федосеев, Владимир",A
900,АГРОПРОМЫШЛЕННОЕ ПРЕДПРИЯТИЕ ИМЕНИ КИРОВА (ОАО),52,Нижегородская область,9,"Молчанов, Мирон",C
901,Промагроснаб,64,Саратовская область,10,"Калашников, Ярослав",C
902,"Агротехнический центр ""Агрегат""",71,Тульская область,11,"Николаев, Гаянэ",A
903,Агродон-холдинг,62,Рязанская область,12,"Владимиров, Зиновий",A
904,ВЕЛИКОВСКИЙ СЕЛЬСКОХОЗЯЙСТВЕННЫЙ ПРОИЗВОДСТВЕННЫЙ КООПЕРАТИВ,52,Нижегородская область,13,"Гришин, Корнелий",B
905,МК АВИДА,31,Белгородская область,14,"Кириллов, Бронислав",B
906,АЗРАПИНСКИЙ СЕЛЬСКОХОЗЯЙСТВЕННЫЙ ПРОИЗВОДСТВЕННЫЙ КООПЕРАТИВ,52,Нижегородская область,15,"Фролов, Самуил",B
907,ВОЗРОЖДЕНИЕ ОАО,52,Нижегородская область,16,"Герасимов, Рубен",C
908,1 Мая СЕЛЬСКОХОЗЯЙСТВЕННЫЙ ПРОИЗВОДСТВЕННЫЙ КООПЕРАТИВ,52,Нижегородская область,17,"Павлов, Леонтий",C
909,БУТУРИНСКОЕ ЗЕРНО АГРОХОЛДИНГ,52,Нижегородская область,18,"Игорьентьев, Тимур",B
910,Земля,64,Саратовская область,19,"Данилов, Ибрагил",B
911,ПартсОйл-АГРО,71,Тульская область,20,"Кудряшов, Игорь",A
912,Вита – 92,64,Саратовская область,21,"Исаков, Геннадий",B
913,АПК ДОН,31,Белгородская область,22,"Кононов, Адриан",C
914,"БЕЛЯНИЦИНО, СЕЛЬСКОХОЗЯЙСТВЕННЫЙ ПРОИЗВОДСТВЕННЫЙ КООПЕРАТИВ",33,Владимирская область,23,"Андреев, Ибрагил",C
915,ООО Верякуши (Щигровский район),52,Нижегородская область,24,"Исаев, Иван",C
916,АГРОПРОМЫШЛЕННАЯ КОМПАНИЯ (ЗАО),52,Нижегородская область,25,Кондратьев Роберт,C
917,СХА «Рассвет»,36,Воронежская область,26,"Беляев, Велорий",A
918,ВЕЛЬДЕМАНОВСКОЕ ОАО,52,Нижегородская область,27,"Михеев, Валентин",B
919,БУТУРЛИНСКАЯ ПТИЦЕФАБРИКА (ОАО),52,Нижегородская область,28,"Рогов, Артем",A
920,ВОЛЖАНИН СЕЛЬСКОХОЗЯЙСТВЕННЫЙ ПРОИЗВОДСТВЕННЫЙ КООПЕРАТИВ,52,Нижегородская область,29,"Игнатов, Лука",A
921,Партнер Агро,57,Орловская область,30,"Казаков, Адриан",B
922,Мехмаш,71,Тульская область,31,"Князев, Исак",A
923,"АГРОПРОМ, ЗАО",33,Владимирская область,32,"Королёв, Лука",A
924,"ООО ""Переработка""",55,Омская область,33,"Рожков, Алан",B
925,Новые Агротехнологии-Саратов,64,Саратовская область,1,"Сергеев, Владимир",C
926,"АБРАМОВ А.М., ИНДИВИДУАЛЬНОЕ ПРЕДПРИЯТИЕ",71,Тульская область,2,"Фёдоров, Игорь",B
927,СПК «Колхоз Заря»,52,Нижегородская область,3,"Мышкин, Станислав",B
928,АВАНГАРД СЕЛЬСКОХОЗЯЙСТВЕННЫЙ ПРОИЗВОДСТВЕННЫЙ КООПЕРАТИВ,52,Нижегородская область,4,"Гурьев, Архип",C
929,ООО «СПК «Ждановский»,52,Нижегородская область,5,"Кошелев, Яков",B
930,Энгельсское  Саратовская область Ивановский район. ИНН 65146954984,64,Саратовская область,6,"Федотов, Эльдар",C
931,КОМСОМОЛЕЦ СЕЛЬСКОХОЗЯЙСТВЕННЫЙ ПРОИЗВОДСТВЕННЫЙ КООПЕРАТИВ,52,Нижегородская область,7,"Калинин, Клемент",A
932,ООО «Бутурлинское зерно»,52,Нижегородская область,8,"Федосеев, Владимир",B
933,СПК «Дубенский»,52,Нижегородская область,9,"Молчанов, Мирон",C
934,"КРАСНЫЙ ОКТЯБРЬ, СПК",57,Орловская область,10,"Калашников, Ярослав",C
935,Агрозапчасть-Саратов,64,Саратовская область,11,"Николаев, Гаянэ",C
936,ВОСКРЕСЕНСКИЙ» СЕЛЬСКОХОЗЯЙСТВЕННЫЙ ПРОИЗВОДСТВЕННЫЙ КООПЕРАТИВ,52,Нижегородская область,12,"Владимиров, Зиновий",C
937,"ООО ""Агроцентр""",56,Оренбургская область,13,"Гришин, Корнелий",B
938,Трейд-Агро,57,Орловская область,14,"Кириллов, Бронислав",A
939,ЗАО Колхоз Победа,31,Белгородская область,15,"Фролов, Самуил",B
940,БУТАКОВСКИЙ СЕЛЬСКОХОЗЯЙСТВЕННЫЙ ПРОИЗВОДСТВЕННЫЙ КООПЕРАТИВ,52,Нижегородская область,16,"Герасимов, Рубен",A
941,КХ «Большое поле»,47,Ленинградская область,17,"Павлов, Леонтий",B
942,АБРАМОВО ООО,52,Нижегородская область,18,"Игорьентьев, Тимур",B
943,ЗАО Заря,68,Тамбовская область,19,"Данилов, Ибрагил",C
944,Труд,59,Пермский край,20,"Кудряшов, Игорь",A
945,Астарта-Техникс,64,Саратовская область,21,"Исаков, Геннадий",B
946,ВЕСНА ООО,52,Нижегородская область,22,"Кононов, Адриан",C
947,БУТУРЛИНСКОЕ ЗЕРНО ООО. ТОВАРИЩЕСТВО на ВЕРЕ «НИКА»,52,Нижегородская область,23,"Андреев, Ибрагил",A
948,АГРОДИН ООО,52,Нижегородская область,24,"Исаев, Иван",C
949,ЗУБР,71,Тульская область,25,Кондратьев Роберт,C
950,"БАЙКАЛЛЕССИНТЕЗ, ООО",38,Иркутская область,26,"Беляев, Велорий",A
951,Волгофлора,34,Волгоградская область,27,"Михеев, Валентин",A
952,ВЕТЛУГА-АГРО ООО,52,Нижегородская область,28,"Рогов, Артем",A
953,ВАДАГРО ООО,52,Нижегородская область,29,"Игнатов, Лука",A
954,КФХ Пчелка,31,Белгородская область,30,"Казаков, Адриан",C
955,ВЕТОШКИНСКИЙ» СЕЛЬСКОХОЗЯЙСТВЕННЫЙ ПРОИЗВОДСТВЕННЫЙ КООПЕРАТИВ,52,Нижегородская область,31,"Князев, Исак",B
956,Белгородский Бекон,31,Белгородская область,32,"Королёв, Лука",C
957,Пихтовское,59,Пермский край,33,"Рожков, Алан",B
958,Заря Путино,59,Пермский край,1,"Сергеев, Владимир",B
959,БУРЕВЕСТНИК ОАО,52,Нижегородская область,2,"Фёдоров, Игорь",B
960,СХПК Березка (Щигровский район),33,Владимирская область,3,"Мышкин, Станислав",B
961,"ООО ""Сельхозинвест""",48,Липецкая область,4,"Гурьев, Архип",A
962,ВЕЛИКИЙ ВРАГ СЕЛЬХОЗПРЕДПРИЯТИЕ (ООО),52,Нижегородская область,5,"Кошелев, Яков",C
963,"ОАО АПО ""Дружба""",48,Липецкая область,6,"Федотов, Эльдар",A
964,АГРО-НОВА ООО,52,Нижегородская область,7,"Калинин, Клемент",C
965,ООО «Племзавод «Пушкинское»,52,Нижегородская область,8,"Федосеев, Владимир",C
966,ВОЗРОЖДЕНИЕ ООО,52,Нижегородская область,9,"Молчанов, Мирон",B
967,ООО «Атемасово»,52,Нижегородская область,10,"Калашников, Ярослав",B
968,"ООО ""Агроснаб_ЛТД""",56,Оренбургская область,11,"Николаев, Гаянэ",C
969,СПК «Колхоз имени Куйбышева»,52,Нижегородская область,12,"Владимиров, Зиновий",B
970,Автрострой Сельхоз Деталь,71,Тульская область,13,"Гришин, Корнелий",B
971,Перитон,71,Тульская область,14,"Кириллов, Бронислав",A
972,АО «Румянцевское»,52,Нижегородская область,15,"Фролов, Самуил",C
973,ВОСХОД ООО,77,Москва,16,"Герасимов, Рубен",C
974,АБАИМОВСКИЙ ООО,52,Нижегородская область,17,"Павлов, Леонтий",B
975,АГРОПРОМЫШЛЕННЫЙ КОМБИНАТ ОАО,52,Нижегородская область,18,"Игорьентьев, Тимур",B
976,ИП Глава КФХ Князев А. В.,36,Воронежская область,19,"Данилов, Ибрагил",A
977,"ВЛАСТЬ СОВЕТОВ, СЕЛЬСКОХОЗЯЙСТВЕННЫЙ ПРОИЗВОДСТВЕННЫЙ КООПЕРАТИВ",33,Владимирская область,20,"Кудряшов, Игорь",B
978,"СХПК ""Воловский""",48,Липецкая область,21,"Исаков, Геннадий",B
979,"Фермер Орловская область, демо версия",50,Московская область,22,"Кононов, Адриан",C
980,ОАО «Хреновской конный завод»,36,Воронежская область,23,"Андреев, Ибрагил",B
981,Агролизинг,64,Саратовская область,24,"Исаев, Иван",A
982,СЗАО «Березниковское»,52,Нижегородская область,25,Кондратьев Роберт,C
983,ВАЛЫ ООО,52,Нижегородская область,26,"Беляев, Велорий",C
984,СПК (колхоз) «им. К. Маркса»,52,Нижегородская область,27,"Михеев, Валентин",C
985,Дизель,71,Тульская область,28,"Рогов, Артем",A
986,VOSKHOD GMBH,77,Москва,29,"Игнатов, Лука",C
987,СКАУТ,71,Тульская область,30,"Казаков, Адриан",A
988,Колхоз Победа коммунизма,71,Тульская область,31,"Князев, Исак",B
989,ЛЕНИНСКИЙ ПУТЬ КОЛХОЗ,52,Нижегородская область,32,"Королёв, Лука",B
990,АБАБКОВСКОЕ ЗАО,57,Орловская область,33,"Рожков, Алан",C
991,"ВАШУТИНСКОЕ, ООО",33,Владимирская область,1,"Сергеев, Владимир",A
992,"ПОЛЯНСКОЕ, ООО",61,Ростовская область,2,"Фёдоров, Игорь",A